<?xml version="1.0" encoding="UTF-8" standalone="no"?>
<graphml xmlns="http://graphml.graphdrawing.org/xmlns" xmlns:java="http://www.yworks.com/xml/yfiles-common/1.0/java" xmlns:sys="http://www.yworks.com/xml/yfiles-common/markup/primitives/2.0" xmlns:x="http://www.yworks.com/xml/yfiles-common/markup/2.0" xmlns:xsi="http://www.w3.org/2001/XMLSchema-instance" xmlns:y="http://www.yworks.com/xml/graphml" xmlns:yed="http://www.yworks.com/xml/yed/3" xsi:schemaLocation="http://graphml.graphdrawing.org/xmlns http://www.yworks.com/xml/schema/graphml/1.1/ygraphml.xsd">
  <!--Created by yEd 3.17.1-->
  <key attr.name="Description" attr.type="string" for="graph" id="d0"/>
  <key for="port" id="d1" yfiles.type="portgraphics"/>
  <key for="port" id="d2" yfiles.type="portgeometry"/>
  <key for="port" id="d3" yfiles.type="portuserdata"/>
  <key attr.name="url" attr.type="string" for="node" id="d4"/>
  <key attr.name="description" attr.type="string" for="node" id="d5"/>
  <key for="node" id="d6" yfiles.type="nodegraphics"/>
  <key for="graphml" id="d7" yfiles.type="resources"/>
  <key attr.name="url" attr.type="string" for="edge" id="d8"/>
  <key attr.name="description" attr.type="string" for="edge" id="d9"/>
  <key for="edge" id="d10" yfiles.type="edgegraphics"/>
  <graph edgedefault="directed" id="G">
    <data key="d0"/>
    <node id="n0">
      <data key="d4"/>
      <data key="d6">
        <y:UMLClassNode>
          <y:Geometry height="83.63827970592607" width="140.52679580263998" x="2419.73660209868" y="-1224.5682611617544"/>
          <y:Fill color="#00FF00" transparent="false"/>
          <y:BorderStyle color="#000000" type="line" width="1.0"/>
          <y:NodeLabel alignment="center" autoSizePolicy="content" fontFamily="Dialog" fontSize="13" fontStyle="bold" hasBackgroundColor="false" hasLineColor="false" height="19.1328125" horizontalTextPosition="center" iconTextGap="4" modelName="custom" textColor="#000000" verticalTextPosition="bottom" visible="true" width="50.62353515625" x="44.95163032319499" y="25.96875">Action<y:LabelModel>
              <y:SmartNodeLabelModel distance="4.0"/>
            </y:LabelModel>
            <y:ModelParameter>
              <y:SmartNodeLabelModelParameter labelRatioX="0.0" labelRatioY="0.0" nodeRatioX="0.0" nodeRatioY="-0.03703090122767855" offsetX="0.0" offsetY="0.0" upX="0.0" upY="-1.0"/>
            </y:ModelParameter>
          </y:NodeLabel>
          <y:UML clipContent="true" constraint="" omitDetails="false" stereotype="Interface" use3DEffect="true">
            <y:AttributeLabel/>
            <y:MethodLabel>+executeAction():</y:MethodLabel>
          </y:UML>
        </y:UMLClassNode>
      </data>
    </node>
    <node id="n1">
      <data key="d6">
        <y:ShapeNode>
          <y:Geometry height="30.0" width="191.01376296171145" x="2287.6938922997597" y="-1545.0"/>
          <y:Fill color="#FFCC00" transparent="false"/>
          <y:BorderStyle color="#000000" raised="false" type="line" width="1.0"/>
          <y:NodeLabel alignment="center" autoSizePolicy="content" fontFamily="Dialog" fontSize="12" fontStyle="plain" hasBackgroundColor="false" hasLineColor="false" height="17.96875" horizontalTextPosition="center" iconTextGap="4" modelName="custom" textColor="#000000" verticalTextPosition="bottom" visible="true" width="82.990234375" x="54.01176429335578" y="6.015625">Tim Newman<y:LabelModel>
              <y:SmartNodeLabelModel distance="4.0"/>
            </y:LabelModel>
            <y:ModelParameter>
              <y:SmartNodeLabelModelParameter labelRatioX="0.0" labelRatioY="0.0" nodeRatioX="0.0" nodeRatioY="0.0" offsetX="0.0" offsetY="0.0" upX="0.0" upY="-1.0"/>
            </y:ModelParameter>
          </y:NodeLabel>
          <y:Shape type="rectangle"/>
        </y:ShapeNode>
      </data>
    </node>
    <node id="n2">
      <data key="d4"/>
      <data key="d6">
        <y:UMLClassNode>
          <y:Geometry height="124.9766298555707" width="314.7445304700232" x="2717.661315865366" y="-1116.3493391601958"/>
          <y:Fill color="#FF6600" transparent="false"/>
          <y:BorderStyle color="#000000" type="line" width="1.0"/>
          <y:NodeLabel alignment="center" autoSizePolicy="content" fontFamily="Dialog" fontSize="13" fontStyle="bold" hasBackgroundColor="false" hasLineColor="false" height="19.1328125" horizontalTextPosition="center" iconTextGap="4" modelName="custom" textColor="#000000" verticalTextPosition="bottom" visible="true" width="47.494140625" x="133.6251949225116" y="25.96875">Entity<y:LabelModel>
              <y:SmartNodeLabelModel distance="4.0"/>
            </y:LabelModel>
            <y:ModelParameter>
              <y:SmartNodeLabelModelParameter labelRatioX="0.0" labelRatioY="0.0" nodeRatioX="0.0" nodeRatioY="-0.03703090122767855" offsetX="0.0" offsetY="0.0" upX="0.0" upY="-1.0"/>
            </y:ModelParameter>
          </y:NodeLabel>
          <y:UML clipContent="true" constraint="" omitDetails="false" stereotype="Interface" use3DEffect="true">
            <y:AttributeLabel/>
            <y:MethodLabel>+getCurrentImage(): PImage
+position(): Point
+setPosition()
+nearestEntity(): Optional&lt;Entity&gt;   &lt;&lt;static&gt;&gt; </y:MethodLabel>
          </y:UML>
        </y:UMLClassNode>
      </data>
    </node>
    <node id="n3">
      <data key="d4"/>
      <data key="d6">
        <y:UMLClassNode>
          <y:Geometry height="163.86964837627943" width="264.6246696480918" x="2319.2734857368455" y="-979.3532182862369"/>
          <y:Fill color="#FFFF00" transparent="false"/>
          <y:BorderStyle color="#000000" type="line" width="1.0"/>
          <y:NodeLabel alignment="center" autoSizePolicy="content" fontFamily="Dialog" fontSize="13" fontStyle="bold" hasBackgroundColor="false" hasLineColor="false" height="19.1328125" horizontalTextPosition="center" iconTextGap="4" modelName="custom" textColor="#000000" verticalTextPosition="bottom" visible="true" width="96.06640625" x="84.2791316990459" y="3.0">CreateEntity<y:LabelModel>
              <y:SmartNodeLabelModel distance="4.0"/>
            </y:LabelModel>
            <y:ModelParameter>
              <y:SmartNodeLabelModelParameter labelRatioX="0.0" labelRatioY="0.0" nodeRatioX="0.0" nodeRatioY="-0.03703090122767855" offsetX="0.0" offsetY="0.0" upX="0.0" upY="-1.0"/>
            </y:ModelParameter>
          </y:NodeLabel>
          <y:UML clipContent="true" constraint="" omitDetails="false" stereotype="" use3DEffect="true">
            <y:AttributeLabel/>
            <y:MethodLabel>+createBlacksmith(): Entity    &lt;&lt;static&gt;&gt;    
+createMinerFull(): Entity    &lt;&lt;static&gt;&gt;         
+createMinerNotFull(): Entity    &lt;&lt;static&gt;&gt;    
+createObstacle(): Entity    &lt;&lt;static&gt;&gt;              
+createOre(): Entity    &lt;&lt;static&gt;&gt;                   
+createOreBlob(): Entity    &lt;&lt;static&gt;&gt;             
+createQuake(): Entity    &lt;&lt;static&gt;&gt;              
+createVein(): Entity    &lt;&lt;static&gt;&gt;                  </y:MethodLabel>
          </y:UML>
        </y:UMLClassNode>
      </data>
    </node>
    <node id="n4">
      <data key="d4"/>
      <data key="d6">
        <y:UMLClassNode>
          <y:Geometry height="124.97662985557065" width="219.58343984447168" x="2341.7941006386554" y="-767.5030609283456"/>
          <y:Fill color="#FFFF00" transparent="false"/>
          <y:BorderStyle color="#000000" type="line" width="1.0"/>
          <y:NodeLabel alignment="center" autoSizePolicy="content" fontFamily="Dialog" fontSize="13" fontStyle="bold" hasBackgroundColor="false" hasLineColor="false" height="19.1328125" horizontalTextPosition="center" iconTextGap="4" modelName="custom" textColor="#000000" verticalTextPosition="bottom" visible="true" width="84.69775390625" x="67.44284296911084" y="3.0">Blacksmith<y:LabelModel>
              <y:SmartNodeLabelModel distance="4.0"/>
            </y:LabelModel>
            <y:ModelParameter>
              <y:SmartNodeLabelModelParameter labelRatioX="0.0" labelRatioY="0.0" nodeRatioX="0.0" nodeRatioY="-0.03703090122767855" offsetX="0.0" offsetY="0.0" upX="0.0" upY="-1.0"/>
            </y:ModelParameter>
          </y:NodeLabel>
          <y:UML clipContent="true" constraint="" omitDetails="false" stereotype="" use3DEffect="true">
            <y:AttributeLabel>+SMITH_KEY: String
-SMITH_NUM_PROPERTIES: int
-SMITH_ID: int
-SMITH_COL: int
-SMITH_ROW: int</y:AttributeLabel>
            <y:MethodLabel>+parse(): boolean  &lt;&lt;static&gt;&gt;</y:MethodLabel>
          </y:UML>
        </y:UMLClassNode>
      </data>
    </node>
    <node id="n5">
      <data key="d4"/>
      <data key="d6">
        <y:UMLClassNode>
          <y:Geometry height="95.49573646536902" width="152.36421736079177" x="3690.8703043821406" y="-561.2876082529452"/>
          <y:Fill color="#FFFF00" transparent="false"/>
          <y:BorderStyle color="#000000" type="line" width="1.0"/>
          <y:NodeLabel alignment="center" autoSizePolicy="content" fontFamily="Dialog" fontSize="13" fontStyle="bold" hasBackgroundColor="false" hasLineColor="false" height="19.1328125" horizontalTextPosition="center" iconTextGap="4" modelName="custom" textColor="#000000" verticalTextPosition="bottom" visible="true" width="72.9228515625" x="39.720682899145885" y="3.0">MinerFull<y:LabelModel>
              <y:SmartNodeLabelModel distance="4.0"/>
            </y:LabelModel>
            <y:ModelParameter>
              <y:SmartNodeLabelModelParameter labelRatioX="0.0" labelRatioY="0.0" nodeRatioX="0.0" nodeRatioY="-0.03703090122767855" offsetX="0.0" offsetY="0.0" upX="0.0" upY="-1.0"/>
            </y:ModelParameter>
          </y:NodeLabel>
          <y:UML clipContent="true" constraint="" omitDetails="false" stereotype="" use3DEffect="true">
            <y:AttributeLabel/>
            <y:MethodLabel>+executeActivity()
+transform(): boolean
+moveTo(): boolean</y:MethodLabel>
          </y:UML>
        </y:UMLClassNode>
      </data>
    </node>
    <node id="n6">
      <data key="d4"/>
      <data key="d6">
        <y:UMLClassNode>
          <y:Geometry height="95.49573646536902" width="147.28699667593895" x="3526.3565016620305" y="-561.2876082529452"/>
          <y:Fill color="#FFFF00" transparent="false"/>
          <y:BorderStyle color="#000000" type="line" width="1.0"/>
          <y:NodeLabel alignment="center" autoSizePolicy="content" fontFamily="Dialog" fontSize="13" fontStyle="bold" hasBackgroundColor="false" hasLineColor="false" height="19.1328125" horizontalTextPosition="center" iconTextGap="4" modelName="custom" textColor="#000000" verticalTextPosition="bottom" visible="true" width="98.9482421875" x="24.169377244219476" y="3.0">MinerNotFull<y:LabelModel>
              <y:SmartNodeLabelModel distance="4.0"/>
            </y:LabelModel>
            <y:ModelParameter>
              <y:SmartNodeLabelModelParameter labelRatioX="0.0" labelRatioY="0.0" nodeRatioX="0.0" nodeRatioY="-0.03703090122767855" offsetX="0.0" offsetY="0.0" upX="0.0" upY="-1.0"/>
            </y:ModelParameter>
          </y:NodeLabel>
          <y:UML clipContent="true" constraint="" omitDetails="false" stereotype="" use3DEffect="true">
            <y:AttributeLabel/>
            <y:MethodLabel>+executeActivity()
+transform(): boolean
+moveTo(): boolean</y:MethodLabel>
          </y:UML>
        </y:UMLClassNode>
      </data>
    </node>
    <node id="n7">
      <data key="d4"/>
      <data key="d6">
        <y:UMLClassNode>
          <y:Geometry height="169.94103408600932" width="208.34279661551858" x="2585.835886217334" y="-645.6344288579883"/>
          <y:Fill color="#FFFF00" transparent="false"/>
          <y:BorderStyle color="#000000" type="line" width="1.0"/>
          <y:NodeLabel alignment="center" autoSizePolicy="content" fontFamily="Dialog" fontSize="13" fontStyle="bold" hasBackgroundColor="false" hasLineColor="false" height="19.1328125" horizontalTextPosition="center" iconTextGap="4" modelName="custom" textColor="#000000" verticalTextPosition="bottom" visible="true" width="36.5888671875" x="85.87696471400929" y="3.0">Vein<y:LabelModel>
              <y:SmartNodeLabelModel distance="4.0"/>
            </y:LabelModel>
            <y:ModelParameter>
              <y:SmartNodeLabelModelParameter labelRatioX="0.0" labelRatioY="0.0" nodeRatioX="0.0" nodeRatioY="-0.03703090122767855" offsetX="0.0" offsetY="0.0" upX="0.0" upY="-1.0"/>
            </y:ModelParameter>
          </y:NodeLabel>
          <y:UML clipContent="true" constraint="" omitDetails="false" stereotype="" use3DEffect="true">
            <y:AttributeLabel>+VEIN_KEY: String
-VEIN_NUM_PROPERTIES: int
-VEIN_ID: int
-VEIN_COL: int
-VEIN_ROW: int
-VEIN_ACTION_PERIOD: int
-rand: Random</y:AttributeLabel>
            <y:MethodLabel>+executeActivity()
+parse(): boolean  &lt;&lt;static&gt;&gt;</y:MethodLabel>
          </y:UML>
        </y:UMLClassNode>
      </data>
    </node>
    <node id="n8">
      <data key="d4"/>
      <data key="d6">
        <y:UMLClassNode>
          <y:Geometry height="161.9929015686251" width="182.66610181821028" x="3328.666949090895" y="-657.6307364463133"/>
          <y:Fill color="#FFFF00" transparent="false"/>
          <y:BorderStyle color="#000000" type="line" width="1.0"/>
          <y:NodeLabel alignment="center" autoSizePolicy="content" fontFamily="Dialog" fontSize="13" fontStyle="bold" hasBackgroundColor="false" hasLineColor="false" height="19.1328125" horizontalTextPosition="center" iconTextGap="4" modelName="custom" textColor="#000000" verticalTextPosition="bottom" visible="true" width="62.880859375" x="59.89262122160514" y="3.0">OreBlob<y:LabelModel>
              <y:SmartNodeLabelModel distance="4.0"/>
            </y:LabelModel>
            <y:ModelParameter>
              <y:SmartNodeLabelModelParameter labelRatioX="0.0" labelRatioY="0.0" nodeRatioX="0.0" nodeRatioY="-0.03703090122767855" offsetX="0.0" offsetY="0.0" upX="0.0" upY="-1.0"/>
            </y:ModelParameter>
          </y:NodeLabel>
          <y:UML clipContent="true" constraint="" omitDetails="false" stereotype="" use3DEffect="true">
            <y:AttributeLabel>+BLOB_KEY: String
+BLOB_ID_SUFFIX: String
+BLOB_PERIOD_SCALE: int
+BLOB_ANIMATION_MIN: int
+BLOB_ANIMATION_MAX: int</y:AttributeLabel>
            <y:MethodLabel>+executeActivity()
+nextPosition(): Point
+moveTo(): boolean</y:MethodLabel>
          </y:UML>
        </y:UMLClassNode>
      </data>
    </node>
    <node id="n9">
      <data key="d4"/>
      <data key="d6">
        <y:UMLClassNode>
          <y:Geometry height="146.38909127738737" width="255.0604860643909" x="3056.979825182578" y="-657.6307364463132"/>
          <y:Fill color="#FFFF00" transparent="false"/>
          <y:BorderStyle color="#000000" type="line" width="1.0"/>
          <y:NodeLabel alignment="center" autoSizePolicy="content" fontFamily="Dialog" fontSize="13" fontStyle="bold" hasBackgroundColor="false" hasLineColor="false" height="19.1328125" horizontalTextPosition="center" iconTextGap="4" modelName="custom" textColor="#000000" verticalTextPosition="bottom" visible="true" width="50.541015625" x="102.25973521969544" y="3.0">Quake<y:LabelModel>
              <y:SmartNodeLabelModel distance="4.0"/>
            </y:LabelModel>
            <y:ModelParameter>
              <y:SmartNodeLabelModelParameter labelRatioX="0.0" labelRatioY="0.0" nodeRatioX="0.0" nodeRatioY="-0.03703090122767855" offsetX="0.0" offsetY="0.0" upX="0.0" upY="-1.0"/>
            </y:ModelParameter>
          </y:NodeLabel>
          <y:UML clipContent="true" constraint="" omitDetails="false" stereotype="" use3DEffect="true">
            <y:AttributeLabel>+QUAKE_KEY: String
-QUAKE_ANIMATION_REPEAT_COUNT: int
+QUAKE_ID: String
+QUAKE_ACTION_PERIOD: int
+QUAKE_ANIMATION_PERIOD: int</y:AttributeLabel>
            <y:MethodLabel>+executeActivity()
+scheduleActions() </y:MethodLabel>
          </y:UML>
        </y:UMLClassNode>
      </data>
    </node>
    <node id="n10">
      <data key="d4"/>
      <data key="d6">
        <y:UMLClassNode>
          <y:Geometry height="218.60138230572414" width="208.34279661551858" x="2824.1786828328527" y="-641.1598536382126"/>
          <y:Fill color="#FFFF00" transparent="false"/>
          <y:BorderStyle color="#000000" type="line" width="1.0"/>
          <y:NodeLabel alignment="center" autoSizePolicy="content" fontFamily="Dialog" fontSize="13" fontStyle="bold" hasBackgroundColor="false" hasLineColor="false" height="19.1328125" horizontalTextPosition="center" iconTextGap="4" modelName="custom" textColor="#000000" verticalTextPosition="bottom" visible="true" width="30.279296875" x="89.03174987025929" y="3.0">Ore<y:LabelModel>
              <y:SmartNodeLabelModel distance="4.0"/>
            </y:LabelModel>
            <y:ModelParameter>
              <y:SmartNodeLabelModelParameter labelRatioX="0.0" labelRatioY="0.0" nodeRatioX="0.0" nodeRatioY="-0.03703090122767855" offsetX="0.0" offsetY="0.0" upX="0.0" upY="-1.0"/>
            </y:ModelParameter>
          </y:NodeLabel>
          <y:UML clipContent="true" constraint="" omitDetails="false" stereotype="" use3DEffect="true">
            <y:AttributeLabel>+ORE_ID_PREFIX: String
+ORE_CURRUPT_MIN: int
+ORE_CURRUPT_MAX: int
+ORE_KEY: String
-ORE_NUM_PROPERTIES: int
-ORE_ID: int
-ORE_COL: int
-ORE_ROW: int
-ORE_ACTION_PERIOD: int
-rand: Random</y:AttributeLabel>
            <y:MethodLabel>+executeActivity()
+parse(): boolean  &lt;&lt;static&gt;&gt;</y:MethodLabel>
          </y:UML>
        </y:UMLClassNode>
      </data>
    </node>
    <node id="n11">
      <data key="d4"/>
      <data key="d6">
        <y:UMLClassNode>
          <y:Geometry height="126.28707537129048" width="220.39897453780844" x="2589.8005127310958" y="-801.9215042292788"/>
          <y:Fill color="#FFFF00" transparent="false"/>
          <y:BorderStyle color="#000000" type="line" width="1.0"/>
          <y:NodeLabel alignment="center" autoSizePolicy="content" fontFamily="Dialog" fontSize="13" fontStyle="bold" hasBackgroundColor="false" hasLineColor="false" height="19.1328125" horizontalTextPosition="center" iconTextGap="4" modelName="custom" textColor="#000000" verticalTextPosition="bottom" visible="true" width="68.060546875" x="76.16921383140422" y="3.0">Obstacle<y:LabelModel>
              <y:SmartNodeLabelModel distance="4.0"/>
            </y:LabelModel>
            <y:ModelParameter>
              <y:SmartNodeLabelModelParameter labelRatioX="0.0" labelRatioY="0.0" nodeRatioX="0.0" nodeRatioY="-0.03703090122767855" offsetX="0.0" offsetY="0.0" upX="0.0" upY="-1.0"/>
            </y:ModelParameter>
          </y:NodeLabel>
          <y:UML clipContent="true" constraint="" omitDetails="false" stereotype="" use3DEffect="true">
            <y:AttributeLabel>+OBSTACLE_KEY: String
-OBSTACLE_NUM_PROPERTIES: int
-OBSTACLE_ID: int
-OBSTACLE_COL: int
-OBSTACLE_ROW: int</y:AttributeLabel>
            <y:MethodLabel>+parse(): boolean  &lt;&lt;static&gt;&gt;</y:MethodLabel>
          </y:UML>
        </y:UMLClassNode>
      </data>
    </node>
    <node id="n12">
      <data key="d4"/>
      <data key="d6">
        <y:UMLClassNode>
          <y:Geometry height="114.13791444683488" width="162.5657840994631" x="2301.917881730884" y="-1110.9299814558283"/>
          <y:Fill color="#FFFF00" transparent="false"/>
          <y:BorderStyle color="#000000" type="line" width="1.0"/>
          <y:NodeLabel alignment="center" autoSizePolicy="content" fontFamily="Dialog" fontSize="13" fontStyle="bold" hasBackgroundColor="false" hasLineColor="false" height="19.1328125" horizontalTextPosition="center" iconTextGap="4" modelName="custom" textColor="#000000" verticalTextPosition="bottom" visible="true" width="78.94677734375" x="41.809503377856544" y="3.0">Animation<y:LabelModel>
              <y:SmartNodeLabelModel distance="4.0"/>
            </y:LabelModel>
            <y:ModelParameter>
              <y:SmartNodeLabelModelParameter labelRatioX="0.0" labelRatioY="0.0" nodeRatioX="0.0" nodeRatioY="-0.03703090122767855" offsetX="0.0" offsetY="0.0" upX="0.0" upY="-1.0"/>
            </y:ModelParameter>
          </y:NodeLabel>
          <y:UML clipContent="true" constraint="" omitDetails="false" stereotype="" use3DEffect="true">
            <y:AttributeLabel>-entity: Animated
-world: WorldModel
-imageStore: ImageStore
-repeatCount: int</y:AttributeLabel>
            <y:MethodLabel>+executeAction():</y:MethodLabel>
          </y:UML>
        </y:UMLClassNode>
      </data>
    </node>
    <node id="n13">
      <data key="d4"/>
      <data key="d6">
        <y:UMLClassNode>
          <y:Geometry height="114.13791444683488" width="162.5657840994631" x="2510.806017093414" y="-1110.929981455828"/>
          <y:Fill color="#FFFF00" transparent="false"/>
          <y:BorderStyle color="#000000" type="line" width="1.0"/>
          <y:NodeLabel alignment="center" autoSizePolicy="content" fontFamily="Dialog" fontSize="13" fontStyle="bold" hasBackgroundColor="false" hasLineColor="false" height="19.1328125" horizontalTextPosition="center" iconTextGap="4" modelName="custom" textColor="#000000" verticalTextPosition="bottom" visible="true" width="60.05615234375" x="51.254815877856544" y="3.0">Activity<y:LabelModel>
              <y:SmartNodeLabelModel distance="4.0"/>
            </y:LabelModel>
            <y:ModelParameter>
              <y:SmartNodeLabelModelParameter labelRatioX="0.0" labelRatioY="0.0" nodeRatioX="0.0" nodeRatioY="-0.03703090122767855" offsetX="0.0" offsetY="0.0" upX="0.0" upY="-1.0"/>
            </y:ModelParameter>
          </y:NodeLabel>
          <y:UML clipContent="true" constraint="" omitDetails="false" stereotype="" use3DEffect="true">
            <y:AttributeLabel>-entity: Active
-world: WorldModel
-imageStore: ImageStore
-repeatCount: int</y:AttributeLabel>
            <y:MethodLabel>+executeAction():</y:MethodLabel>
          </y:UML>
        </y:UMLClassNode>
      </data>
    </node>
    <node id="n14">
      <data key="d4"/>
      <data key="d6">
        <y:UMLClassNode>
          <y:Geometry height="126.28707537129043" width="191.22818245842512" x="2841.177663876964" y="-1282.8960104867572"/>
          <y:Fill color="#FF0000" transparent="false"/>
          <y:BorderStyle color="#000000" type="line" width="1.0"/>
          <y:NodeLabel alignment="center" autoSizePolicy="content" fontFamily="Dialog" fontSize="13" fontStyle="bold" hasBackgroundColor="false" hasLineColor="false" height="19.1328125" horizontalTextPosition="center" iconTextGap="4" modelName="custom" textColor="#000000" verticalTextPosition="bottom" visible="true" width="91.49609375" x="49.86604435421256" y="3.0">Background<y:LabelModel>
              <y:SmartNodeLabelModel distance="4.0"/>
            </y:LabelModel>
            <y:ModelParameter>
              <y:SmartNodeLabelModelParameter labelRatioX="0.0" labelRatioY="0.0" nodeRatioX="0.0" nodeRatioY="-0.03703090122767855" offsetX="0.0" offsetY="0.0" upX="0.0" upY="-1.0"/>
            </y:ModelParameter>
          </y:NodeLabel>
          <y:UML clipContent="true" constraint="" omitDetails="false" stereotype="" use3DEffect="true">
            <y:AttributeLabel>+BGND_KEY: String
-BGND_NUM_PROPERTIES: int
-BGND_ID: int
-BGND_COL: int
-BGND_ROW: int</y:AttributeLabel>
            <y:MethodLabel>+parse(): boolean &lt;&lt;static&gt;&gt;</y:MethodLabel>
          </y:UML>
        </y:UMLClassNode>
      </data>
    </node>
    <node id="n15">
      <data key="d4"/>
      <data key="d6">
        <y:UMLClassNode>
          <y:Geometry height="183.4609375" width="140.52679580264018" x="2891.879050532749" y="-1663.3910648845335"/>
          <y:Fill color="#B1D95B" transparent="false"/>
          <y:BorderStyle color="#000000" type="line" width="1.0"/>
          <y:NodeLabel alignment="center" autoSizePolicy="content" fontFamily="Dialog" fontSize="13" fontStyle="bold" hasBackgroundColor="false" hasLineColor="false" height="19.1328125" horizontalTextPosition="center" iconTextGap="4" modelName="custom" textColor="#000000" verticalTextPosition="bottom" visible="true" width="82.787109375" x="28.86984321382009" y="3.0">WorldView<y:LabelModel>
              <y:SmartNodeLabelModel distance="4.0"/>
            </y:LabelModel>
            <y:ModelParameter>
              <y:SmartNodeLabelModelParameter labelRatioX="0.0" labelRatioY="0.0" nodeRatioX="0.0" nodeRatioY="-0.03703090122767855" offsetX="0.0" offsetY="0.0" upX="0.0" upY="-1.0"/>
            </y:ModelParameter>
          </y:NodeLabel>
          <y:UML clipContent="true" constraint="" omitDetails="false" stereotype="" use3DEffect="true">
            <y:AttributeLabel>-screen: PApplet
-world: WorldModel
-tileWidth: int
-tileHeight: int
-viewport: Viewport</y:AttributeLabel>
            <y:MethodLabel>+shiftView()                           
+drawBackground()                    
+drawEntities()                       
+drawViewport()                           
-clamp(): int</y:MethodLabel>
          </y:UML>
        </y:UMLClassNode>
      </data>
    </node>
    <node id="n16">
      <data key="d4"/>
      <data key="d6">
        <y:UMLClassNode>
          <y:Geometry height="135.2362258108417" width="175.18830732922237" x="3062.405846335389" y="-1126.6089351154667"/>
          <y:Fill color="#009EFF" transparent="false"/>
          <y:BorderStyle color="#000000" type="line" width="1.0"/>
          <y:NodeLabel alignment="center" autoSizePolicy="content" fontFamily="Dialog" fontSize="13" fontStyle="bold" hasBackgroundColor="false" hasLineColor="false" height="19.1328125" horizontalTextPosition="center" iconTextGap="4" modelName="custom" textColor="#000000" verticalTextPosition="bottom" visible="true" width="45.640625" x="64.77384116461118" y="3.0">Event<y:LabelModel>
              <y:SmartNodeLabelModel distance="4.0"/>
            </y:LabelModel>
            <y:ModelParameter>
              <y:SmartNodeLabelModelParameter labelRatioX="0.0" labelRatioY="0.0" nodeRatioX="0.0" nodeRatioY="-0.03703090122767855" offsetX="0.0" offsetY="0.0" upX="0.0" upY="-1.0"/>
            </y:ModelParameter>
          </y:NodeLabel>
          <y:UML clipContent="true" constraint="" omitDetails="false" stereotype="" use3DEffect="true">
            <y:AttributeLabel>-action: Action
-time: long
-entity: Entity</y:AttributeLabel>
            <y:MethodLabel>+action(): Action
+time(): long
+entity(): Entity</y:MethodLabel>
          </y:UML>
        </y:UMLClassNode>
      </data>
    </node>
    <node id="n17">
      <data key="d4"/>
      <data key="d6">
        <y:UMLClassNode>
          <y:Geometry height="146.38909127738737" width="283.0626956996798" x="3259.4954047820506" y="-1137.7618005820123"/>
          <y:Fill color="#B300C2" transparent="false"/>
          <y:BorderStyle color="#000000" type="line" width="1.0"/>
          <y:NodeLabel alignment="center" autoSizePolicy="content" fontFamily="Dialog" fontSize="13" fontStyle="bold" hasBackgroundColor="false" hasLineColor="false" height="19.1328125" horizontalTextPosition="center" iconTextGap="4" modelName="custom" textColor="#000000" verticalTextPosition="bottom" visible="true" width="119.02587890625" x="82.0184083967149" y="3.0">EventScheduler<y:LabelModel>
              <y:SmartNodeLabelModel distance="4.0"/>
            </y:LabelModel>
            <y:ModelParameter>
              <y:SmartNodeLabelModelParameter labelRatioX="0.0" labelRatioY="0.0" nodeRatioX="0.0" nodeRatioY="-0.03703090122767855" offsetX="0.0" offsetY="0.0" upX="0.0" upY="-1.0"/>
            </y:ModelParameter>
          </y:NodeLabel>
          <y:UML clipContent="true" constraint="" omitDetails="false" stereotype="" use3DEffect="true">
            <y:AttributeLabel>-eventQueue: PriorityQueue&lt;Event&gt;
-pendingEvents: Map&lt;Entity, List&lt;Event&gt;&gt;
-timeScale: double</y:AttributeLabel>
            <y:MethodLabel>+scheduleEvent:
+unscheduleAllEvents:
+removePendingEvent:
+updateOnTime:</y:MethodLabel>
          </y:UML>
        </y:UMLClassNode>
      </data>
    </node>
    <node id="n18">
      <data key="d4"/>
      <data key="d6">
        <y:UMLClassNode>
          <y:Geometry height="135.0" width="166.8767717304083" x="3066.561614134796" y="-1610.945584488601"/>
          <y:Fill color="#2B4BFA" transparent="false"/>
          <y:BorderStyle color="#000000" type="line" width="1.0"/>
          <y:NodeLabel alignment="center" autoSizePolicy="content" fontFamily="Dialog" fontSize="13" fontStyle="bold" hasBackgroundColor="false" hasLineColor="false" height="19.1328125" horizontalTextPosition="center" iconTextGap="4" modelName="custom" textColor="#000000" verticalTextPosition="bottom" visible="true" width="42.38427734375" x="62.246247193329154" y="3.0">Point<y:LabelModel>
              <y:SmartNodeLabelModel distance="4.0"/>
            </y:LabelModel>
            <y:ModelParameter>
              <y:SmartNodeLabelModelParameter labelRatioX="0.0" labelRatioY="0.0" nodeRatioX="0.0" nodeRatioY="-0.03703090122767855" offsetX="0.0" offsetY="0.0" upX="0.0" upY="-1.0"/>
            </y:ModelParameter>
          </y:NodeLabel>
          <y:UML clipContent="true" constraint="" omitDetails="false" stereotype="" use3DEffect="true">
            <y:AttributeLabel>+x: int
+y: int</y:AttributeLabel>
            <y:MethodLabel>+toString(): String
+equals(): boolean
+adjacent(): boolean
+distanceSquared(): int</y:MethodLabel>
          </y:UML>
        </y:UMLClassNode>
      </data>
    </node>
    <node id="n19">
      <data key="d4"/>
      <data key="d6">
        <y:UMLClassNode>
          <y:Geometry height="72.56582238367344" width="175.18830732922243" x="3062.405846335389" y="-1229.1747574991402"/>
          <y:Fill color="#1B8C48" transparent="false"/>
          <y:BorderStyle color="#000000" type="line" width="1.0"/>
          <y:NodeLabel alignment="center" autoSizePolicy="content" fontFamily="Dialog" fontSize="13" fontStyle="bold" hasBackgroundColor="false" hasLineColor="false" height="19.1328125" horizontalTextPosition="center" iconTextGap="4" modelName="custom" textColor="#000000" verticalTextPosition="bottom" visible="true" width="132.4765625" x="21.355872414611213" y="3.0">EventComparator<y:LabelModel>
              <y:SmartNodeLabelModel distance="4.0"/>
            </y:LabelModel>
            <y:ModelParameter>
              <y:SmartNodeLabelModelParameter labelRatioX="0.0" labelRatioY="0.0" nodeRatioX="0.0" nodeRatioY="-0.03703090122767855" offsetX="0.0" offsetY="0.0" upX="0.0" upY="-1.0"/>
            </y:ModelParameter>
          </y:NodeLabel>
          <y:UML clipContent="true" constraint="" omitDetails="false" stereotype="" use3DEffect="true">
            <y:AttributeLabel/>
            <y:MethodLabel>+compare(): int</y:MethodLabel>
          </y:UML>
        </y:UMLClassNode>
      </data>
    </node>
    <node id="n20">
      <data key="d4"/>
      <data key="d6">
        <y:UMLClassNode>
          <y:Geometry height="97.38240265558198" width="274.96394681711905" x="2755.9348772779836" y="-1458.691201327791"/>
          <y:Fill color="#FF6405" transparent="false"/>
          <y:BorderStyle color="#000000" type="line" width="1.0"/>
          <y:NodeLabel alignment="center" autoSizePolicy="content" fontFamily="Dialog" fontSize="13" fontStyle="bold" hasBackgroundColor="false" hasLineColor="false" height="19.1328125" horizontalTextPosition="center" iconTextGap="4" modelName="custom" textColor="#000000" verticalTextPosition="bottom" visible="true" width="89.01416015625" x="92.97489333043453" y="3.0">ImageStore<y:LabelModel>
              <y:SmartNodeLabelModel distance="4.0"/>
            </y:LabelModel>
            <y:ModelParameter>
              <y:SmartNodeLabelModelParameter labelRatioX="0.0" labelRatioY="0.0" nodeRatioX="0.0" nodeRatioY="-0.03703090122767855" offsetX="0.0" offsetY="0.0" upX="0.0" upY="-1.0"/>
            </y:ModelParameter>
          </y:NodeLabel>
          <y:UML clipContent="true" constraint="" omitDetails="false" stereotype="" use3DEffect="true">
            <y:AttributeLabel>-images: Map&lt;String, List&lt;PImage&gt;&gt;
-defaultImages: List&lt;PImage&gt;</y:AttributeLabel>
            <y:MethodLabel>+getImageList(): List&lt;PImage&gt;
+images(): Map&lt;String, List&lt;PImage&gt;&gt;</y:MethodLabel>
          </y:UML>
        </y:UMLClassNode>
      </data>
    </node>
    <node id="n21">
      <data key="d4"/>
      <data key="d6">
        <y:UMLClassNode>
          <y:Geometry height="218.6013823057242" width="178.20235180979478" x="3060.8988240951026" y="-1459.300691152862"/>
          <y:Fill color="#33CCCC" transparent="false"/>
          <y:BorderStyle color="#000000" type="line" width="1.0"/>
          <y:NodeLabel alignment="center" autoSizePolicy="content" fontFamily="Dialog" fontSize="13" fontStyle="bold" hasBackgroundColor="false" hasLineColor="false" height="19.1328125" horizontalTextPosition="center" iconTextGap="4" modelName="custom" textColor="#000000" verticalTextPosition="bottom" visible="true" width="70.2060546875" x="53.99814856114739" y="3.0">Viewport<y:LabelModel>
              <y:SmartNodeLabelModel distance="4.0"/>
            </y:LabelModel>
            <y:ModelParameter>
              <y:SmartNodeLabelModelParameter labelRatioX="0.0" labelRatioY="0.0" nodeRatioX="0.0" nodeRatioY="-0.03703090122767855" offsetX="0.0" offsetY="0.0" upX="0.0" upY="-1.0"/>
            </y:ModelParameter>
          </y:NodeLabel>
          <y:UML clipContent="true" constraint="" omitDetails="false" stereotype="" use3DEffect="true">
            <y:AttributeLabel>-row: int
-col: int
-numRows: int
-numCols: int</y:AttributeLabel>
            <y:MethodLabel>+shift():
+contains(): boolean
+viewportToWorld(): Point
+worldToViewport(): Point
+row(): int
+col(): int
+numRows(): int
+numCols(): int</y:MethodLabel>
          </y:UML>
        </y:UMLClassNode>
      </data>
    </node>
    <node id="n22">
      <data key="d4"/>
      <data key="d6">
        <y:UMLClassNode>
          <y:Geometry height="395.09661564104067" width="283.0626956996798" x="3259.126376903799" y="-1551.7055507565074"/>
          <y:Fill color="#FAAFE8" transparent="false"/>
          <y:BorderStyle color="#000000" type="line" width="1.0"/>
          <y:NodeLabel alignment="center" autoSizePolicy="content" fontFamily="Dialog" fontSize="13" fontStyle="bold" hasBackgroundColor="false" hasLineColor="false" height="19.1328125" horizontalTextPosition="center" iconTextGap="4" modelName="custom" textColor="#000000" verticalTextPosition="bottom" visible="true" width="91.8896484375" x="95.5865236310899" y="3.0">WorldModel<y:LabelModel>
              <y:SmartNodeLabelModel distance="4.0"/>
            </y:LabelModel>
            <y:ModelParameter>
              <y:SmartNodeLabelModelParameter labelRatioX="0.0" labelRatioY="0.0" nodeRatioX="0.0" nodeRatioY="-0.03703090122767855" offsetX="0.0" offsetY="0.0" upX="0.0" upY="-1.0"/>
            </y:ModelParameter>
          </y:NodeLabel>
          <y:UML clipContent="true" constraint="" omitDetails="false" stereotype="" use3DEffect="true">
            <y:AttributeLabel>-numRows: int
-numCols: int
-background: Background[][]
-occupancy: Entity[][]
-entities: Set&lt;Entity&gt;
+ORE_REACH: int</y:AttributeLabel>
            <y:MethodLabel>+findOpenAround: Optional&lt;Point&gt;
+tryAddEntity()                      
+withinBounds(): boolean       
+isOccupied(): boolean        
+findNearest(): Optional&lt;Entity&gt;   
+addEntity()                             
+moveEntity()                          
+removeEntity()                         
+removeEntityAt()                       
+getBackgroundImage(): Optional&lt;PImage&gt;    
+setBackground()                         
+getOccupant(): Optional&lt;Entity&gt;
+getOccupancyCell(): Entity  
+setOccupancyCell()               
+getBackgroundCell(): Background
+setBackgroundCell()    
+numRows(): int
+numCols(): int
+entities(): Set&lt;Entity&gt;</y:MethodLabel>
          </y:UML>
        </y:UMLClassNode>
      </data>
    </node>
    <node id="n23">
      <data key="d4"/>
      <data key="d6">
        <y:UMLClassNode>
          <y:Geometry height="718.9519867454333" width="327.6685760328669" x="3563.6837795276915" y="-1710.3246960500583"/>
          <y:Fill color="#BBB082" transparent="false"/>
          <y:BorderStyle color="#000000" type="line" width="1.0"/>
          <y:NodeLabel alignment="center" autoSizePolicy="content" fontFamily="Dialog" fontSize="13" fontStyle="bold" hasBackgroundColor="false" hasLineColor="false" height="19.1328125" horizontalTextPosition="center" iconTextGap="4" modelName="custom" textColor="#000000" verticalTextPosition="bottom" visible="true" width="97.0693359375" x="115.29962004768345" y="3.0">VirtualWorld<y:LabelModel>
              <y:SmartNodeLabelModel distance="4.0"/>
            </y:LabelModel>
            <y:ModelParameter>
              <y:SmartNodeLabelModelParameter labelRatioX="0.0" labelRatioY="0.0" nodeRatioX="0.0" nodeRatioY="-0.03703090122767855" offsetX="0.0" offsetY="0.0" upX="0.0" upY="-1.0"/>
            </y:ModelParameter>
          </y:NodeLabel>
          <y:UML clipContent="true" constraint="" omitDetails="false" stereotype="" use3DEffect="true">
            <y:AttributeLabel>-TIMER_ACTION_PERIOD: int         &lt;&lt;static&gt;&gt;
-VIEW_WIDTH: int                          &lt;&lt;static&gt;&gt;
-VIEW_HEIGHT: int                         &lt;&lt;static&gt;&gt;
-TILE_WIDTH: int                           &lt;&lt;static&gt;&gt;
-TILE_HEIGHT: int                          &lt;&lt;static&gt;&gt;
-WORLD_WIDTH_SCALE: int           &lt;&lt;static&gt;&gt;
-WORLD_HEIGHT_SCALE: int          &lt;&lt;static&gt;&gt;
-VIEW_COLS: int                             &lt;&lt;static&gt;&gt;
-VIEW_ROWS: int                            &lt;&lt;static&gt;&gt;
-WORLD_COLS: int                         &lt;&lt;static&gt;&gt;
-WORLD_ROWS: int                        &lt;&lt;static&gt;&gt;
-IMAGE_LIST_FILE_NAME: String    &lt;&lt;static&gt;&gt;
-DEFAULT_IMAGE_NAME: String    &lt;&lt;static&gt;&gt;
-DEFAULT_IMAGE_COLOR: int       &lt;&lt;static&gt;&gt;
-LOAD_FILE_NAME: String            &lt;&lt;static&gt;&gt;
-FAST_FLAG: String                      &lt;&lt;static&gt;&gt;
-FASTER_FLAG: String                  &lt;&lt;static&gt;&gt;
-FASTEST_FLAG: String                &lt;&lt;static&gt;&gt;
-FAST_SCALE: double                  &lt;&lt;static&gt;&gt;
-FASTER_SCALE: double              &lt;&lt;static&gt;&gt;
-FASTEST_SCALE: double            &lt;&lt;static&gt;&gt;
-COLOR_MASK: int                             &lt;&lt;static&gt;&gt;
-KEYED_IMAGE_MIN: int                        &lt;&lt;static&gt;&gt;
-KEYED_RED_IDX: int                        &lt;&lt;static&gt;&gt;
-KEYED_GREEN_IDX: int                        &lt;&lt;static&gt;&gt;
-KEYED_BLUE_IDX: int                        &lt;&lt;static&gt;&gt;
-PROPERTY_KEY: int                           &lt;&lt;static&gt;&gt;
-timeScale: double
-imageStore: ImageStore
-world: WorldModel
-view: WorldView
-scheduler: EventScheduler</y:AttributeLabel>
            <y:MethodLabel>+settings()
+setup()
+draw()
+keyPressed()
-createDefaultBackground()         &lt;&lt;static&gt;&gt;
-createImageColored()                 &lt;&lt;static&gt;&gt;
-loadWorld()                                 &lt;&lt;static&gt;&gt;
-scheduleActions()                       &lt;&lt;static&gt;&gt;
-parseCommandLine()                  &lt;&lt;static&gt;&gt;
-loadImages()                                &lt;&lt;static&gt;&gt;
-processImageLine()                          &lt;&lt;static&gt;&gt;
-getImages(): List&lt;PImage&gt;                   &lt;&lt;static&gt;&gt;
-setAlpha()                                  &lt;&lt;static&gt;&gt;
-load()                                      &lt;&lt;static&gt;&gt;
-processLine(): boolean                      &lt;&lt;static&gt;&gt;
+main()                                         &lt;&lt;static&gt;&gt;</y:MethodLabel>
          </y:UML>
        </y:UMLClassNode>
      </data>
    </node>
    <node id="n24">
      <data key="d4"/>
      <data key="d6">
        <y:UMLClassNode>
          <y:Geometry height="124.97662985557068" width="199.6465555834095" x="2840.85803963454" y="-961.372709304625"/>
          <y:Fill color="#99CC00" transparent="false"/>
          <y:BorderStyle color="#000000" type="line" width="1.0"/>
          <y:NodeLabel alignment="center" autoSizePolicy="content" fontFamily="Dialog" fontSize="13" fontStyle="bold" hasBackgroundColor="false" hasLineColor="false" height="19.1328125" horizontalTextPosition="center" iconTextGap="4" modelName="custom" textColor="#000000" verticalTextPosition="bottom" visible="true" width="49.728515625" x="74.95901997920475" y="25.96875">Active
<y:LabelModel>
              <y:SmartNodeLabelModel distance="4.0"/>
            </y:LabelModel>
            <y:ModelParameter>
              <y:SmartNodeLabelModelParameter labelRatioX="0.0" labelRatioY="0.0" nodeRatioX="0.0" nodeRatioY="-0.03703090122767855" offsetX="0.0" offsetY="0.0" upX="0.0" upY="-1.0"/>
            </y:ModelParameter>
          </y:NodeLabel>
          <y:UML clipContent="true" constraint="" omitDetails="false" stereotype="Interface" use3DEffect="true">
            <y:AttributeLabel/>
            <y:MethodLabel>+nextImage()
+createActivityAction(): Action
+executeActivity()
+scheduleActions() </y:MethodLabel>
          </y:UML>
        </y:UMLClassNode>
      </data>
    </node>
    <node id="n25">
      <data key="d4"/>
      <data key="d6">
        <y:UMLClassNode>
          <y:Geometry height="97.38240265558196" width="220.39897453780827" x="3074.3105809458693" y="-961.3727093046249"/>
          <y:Fill color="#CC99FF" transparent="false"/>
          <y:BorderStyle color="#000000" type="line" width="1.0"/>
          <y:NodeLabel alignment="center" autoSizePolicy="content" fontFamily="Dialog" fontSize="13" fontStyle="bold" hasBackgroundColor="false" hasLineColor="false" height="19.1328125" horizontalTextPosition="center" iconTextGap="4" modelName="custom" textColor="#000000" verticalTextPosition="bottom" visible="true" width="74.42724609375" x="72.98586422202914" y="25.96875">Animated<y:LabelModel>
              <y:SmartNodeLabelModel distance="4.0"/>
            </y:LabelModel>
            <y:ModelParameter>
              <y:SmartNodeLabelModelParameter labelRatioX="0.0" labelRatioY="0.0" nodeRatioX="0.0" nodeRatioY="-0.03703090122767855" offsetX="0.0" offsetY="0.0" upX="0.0" upY="-1.0"/>
            </y:ModelParameter>
          </y:NodeLabel>
          <y:UML clipContent="true" constraint="" omitDetails="false" stereotype="Interface" use3DEffect="true">
            <y:AttributeLabel/>
            <y:MethodLabel>+animationPeriod: int
+createAnimationAction(): Action</y:MethodLabel>
          </y:UML>
        </y:UMLClassNode>
      </data>
    </node>
    <node id="n26">
      <data key="d4"/>
      <data key="d6">
        <y:UMLClassNode>
          <y:Geometry height="262.4290992731022" width="230.60054127648004" x="3531.2828920497313" y="-851.2145496365512"/>
          <y:Fill color="#00FF00" transparent="false"/>
          <y:BorderStyle color="#000000" type="line" width="1.0"/>
          <y:NodeLabel alignment="center" autoSizePolicy="content" fontFamily="Dialog" fontSize="13" fontStyle="bold" hasBackgroundColor="false" hasLineColor="false" height="19.1328125" horizontalTextPosition="center" iconTextGap="4" modelName="custom" textColor="#000000" verticalTextPosition="bottom" visible="true" width="72.97998046875" x="78.81028040386502" y="25.96875">AbsMiner<y:LabelModel>
              <y:SmartNodeLabelModel distance="4.0"/>
            </y:LabelModel>
            <y:ModelParameter>
              <y:SmartNodeLabelModelParameter labelRatioX="0.0" labelRatioY="0.0" nodeRatioX="0.0" nodeRatioY="-0.03703090122767855" offsetX="0.0" offsetY="0.0" upX="0.0" upY="-1.0"/>
            </y:ModelParameter>
          </y:NodeLabel>
          <y:UML clipContent="true" constraint="" omitDetails="false" stereotype="Abstract" use3DEffect="true">
            <y:AttributeLabel>-resourceLimit: int
-resourceCount: int
+MINER_KEY: String
+MINER_NUM_PROPERTIES: int
+MINER_ID: int
+MINER_COL: int
+MINER_ROW: int
+MINER_LIMIT: int
+MINER_ACTION_PERIOD: int
+MINER_ANIMATION_PERIOD: int</y:AttributeLabel>
            <y:MethodLabel>+resourceLimit(): int
+resourceCount(): int
+nextPosition(): Point
+parse(): boolean  &lt;&lt;static&gt;&gt;</y:MethodLabel>
          </y:UML>
        </y:UMLClassNode>
      </data>
    </node>
    <node id="n27">
      <data key="d4"/>
      <data key="d6">
        <y:UMLClassNode>
          <y:Geometry height="97.38240265558196" width="162.56578409946292" x="3338.7171079502687" y="-961.3727093046249"/>
          <y:Fill color="#FF99CC" transparent="false"/>
          <y:BorderStyle color="#000000" type="line" width="1.0"/>
          <y:NodeLabel alignment="center" autoSizePolicy="content" fontFamily="Dialog" fontSize="13" fontStyle="bold" hasBackgroundColor="false" hasLineColor="false" height="19.1328125" horizontalTextPosition="center" iconTextGap="4" modelName="custom" textColor="#000000" verticalTextPosition="bottom" visible="true" width="65.69287109375" x="48.43645650285646" y="25.96875">Movable<y:LabelModel>
              <y:SmartNodeLabelModel distance="4.0"/>
            </y:LabelModel>
            <y:ModelParameter>
              <y:SmartNodeLabelModelParameter labelRatioX="0.0" labelRatioY="0.0" nodeRatioX="0.0" nodeRatioY="-0.03703090122767855" offsetX="0.0" offsetY="0.0" upX="0.0" upY="-1.0"/>
            </y:ModelParameter>
          </y:NodeLabel>
          <y:UML clipContent="true" constraint="" omitDetails="false" stereotype="Interface" use3DEffect="true">
            <y:AttributeLabel/>
            <y:MethodLabel>+moveTo(): boolean
+nextPosition(): Point</y:MethodLabel>
          </y:UML>
        </y:UMLClassNode>
      </data>
    </node>
    <node id="n28">
      <data key="d4"/>
      <data key="d6">
        <y:UMLClassNode>
          <y:Geometry height="109.66059319326035" width="199.44067419729168" x="2600.279662901354" y="-961.372709304625"/>
          <y:Fill color="#3366FF" transparent="false"/>
          <y:BorderStyle color="#000000" type="line" width="1.0"/>
          <y:NodeLabel alignment="center" autoSizePolicy="content" fontFamily="Dialog" fontSize="13" fontStyle="bold" hasBackgroundColor="false" hasLineColor="false" height="19.1328125" horizontalTextPosition="center" iconTextGap="4" modelName="custom" textColor="#000000" verticalTextPosition="bottom" visible="true" width="74.5986328125" x="62.42102069239584" y="25.96875">AbsEntity<y:LabelModel>
              <y:SmartNodeLabelModel distance="4.0"/>
            </y:LabelModel>
            <y:ModelParameter>
              <y:SmartNodeLabelModelParameter labelRatioX="0.0" labelRatioY="0.0" nodeRatioX="0.0" nodeRatioY="-0.03703090122767855" offsetX="0.0" offsetY="0.0" upX="0.0" upY="-1.0"/>
            </y:ModelParameter>
          </y:NodeLabel>
          <y:UML clipContent="true" constraint="" omitDetails="false" stereotype="Abstract" use3DEffect="true">
            <y:AttributeLabel>-position: Point</y:AttributeLabel>
            <y:MethodLabel>+position(): Point
+setPosition()
</y:MethodLabel>
          </y:UML>
        </y:UMLClassNode>
      </data>
    </node>
    <node id="n29">
      <data key="d4"/>
      <data key="d6">
        <y:UMLClassNode>
          <y:Geometry height="135.23622581084174" width="199.44067419729168" x="2840.960980327599" y="-806.3960794490544"/>
          <y:Fill color="#00FFFF" transparent="false"/>
          <y:BorderStyle color="#000000" type="line" width="1.0"/>
          <y:NodeLabel alignment="center" autoSizePolicy="content" fontFamily="Dialog" fontSize="13" fontStyle="bold" hasBackgroundColor="false" hasLineColor="false" height="19.1328125" horizontalTextPosition="center" iconTextGap="4" modelName="custom" textColor="#000000" verticalTextPosition="bottom" visible="true" width="76.8330078125" x="61.30383319239584" y="25.96875">AbsActive<y:LabelModel>
              <y:SmartNodeLabelModel distance="4.0"/>
            </y:LabelModel>
            <y:ModelParameter>
              <y:SmartNodeLabelModelParameter labelRatioX="0.0" labelRatioY="0.0" nodeRatioX="0.0" nodeRatioY="-0.03703090122767855" offsetX="0.0" offsetY="0.0" upX="0.0" upY="-1.0"/>
            </y:ModelParameter>
          </y:NodeLabel>
          <y:UML clipContent="true" constraint="" omitDetails="false" stereotype="Abstract" use3DEffect="true">
            <y:AttributeLabel>-actionPeriod: int</y:AttributeLabel>
            <y:MethodLabel>+actionPeriod(): int
+nextImage()
+createActivityAction(): Action
+scheduleActions()</y:MethodLabel>
          </y:UML>
        </y:UMLClassNode>
      </data>
    </node>
    <node id="n30">
      <data key="d4"/>
      <data key="d6">
        <y:UMLClassNode>
          <y:Geometry height="109.66059319326035" width="220.3989745378081" x="3074.3105809458693" y="-833.990306649043"/>
          <y:Fill color="#FFCC99" transparent="false"/>
          <y:BorderStyle color="#000000" type="line" width="1.0"/>
          <y:NodeLabel alignment="center" autoSizePolicy="content" fontFamily="Dialog" fontSize="13" fontStyle="bold" hasBackgroundColor="false" hasLineColor="false" height="19.1328125" horizontalTextPosition="center" iconTextGap="4" modelName="custom" textColor="#000000" verticalTextPosition="bottom" visible="true" width="101.53173828125" x="59.43361812827905" y="25.96875">AbsAnimated<y:LabelModel>
              <y:SmartNodeLabelModel distance="4.0"/>
            </y:LabelModel>
            <y:ModelParameter>
              <y:SmartNodeLabelModelParameter labelRatioX="0.0" labelRatioY="0.0" nodeRatioX="0.0" nodeRatioY="-0.03703090122767855" offsetX="0.0" offsetY="0.0" upX="0.0" upY="-1.0"/>
            </y:ModelParameter>
          </y:NodeLabel>
          <y:UML clipContent="true" constraint="" omitDetails="false" stereotype="Abstract" use3DEffect="true">
            <y:AttributeLabel>-animationPeriod: int</y:AttributeLabel>
            <y:MethodLabel>+animationPeriod(): int
+createAnimationAction(): Action</y:MethodLabel>
          </y:UML>
        </y:UMLClassNode>
      </data>
    </node>
    <node id="n31">
      <data key="d4"/>
      <data key="d6">
        <y:UMLClassNode>
          <y:Geometry height="95.49573646536902" width="147.28699667593906" x="3346.3565016620305" y="-819.8254499211516"/>
          <y:Fill color="#00CCFF" transparent="false"/>
          <y:BorderStyle color="#000000" type="line" width="1.0"/>
          <y:NodeLabel alignment="center" autoSizePolicy="content" fontFamily="Dialog" fontSize="13" fontStyle="bold" hasBackgroundColor="false" hasLineColor="false" height="19.1328125" horizontalTextPosition="center" iconTextGap="4" modelName="custom" textColor="#000000" verticalTextPosition="bottom" visible="true" width="92.79736328125" x="27.244816697344532" y="25.96875">AbsMovable<y:LabelModel>
              <y:SmartNodeLabelModel distance="4.0"/>
            </y:LabelModel>
            <y:ModelParameter>
              <y:SmartNodeLabelModelParameter labelRatioX="0.0" labelRatioY="0.0" nodeRatioX="0.0" nodeRatioY="-0.03703090122767855" offsetX="0.0" offsetY="0.0" upX="0.0" upY="-1.0"/>
            </y:ModelParameter>
          </y:NodeLabel>
          <y:UML clipContent="true" constraint="" omitDetails="false" stereotype="Abstract" use3DEffect="true">
            <y:AttributeLabel/>
            <y:MethodLabel>+moveTo(): boolean
+scheduleActions()</y:MethodLabel>
          </y:UML>
        </y:UMLClassNode>
      </data>
    </node>
    <node id="n32">
      <data key="d4"/>
      <data key="d6">
        <y:UMLClassNode>
          <y:Geometry height="80.11985232708517" width="162.56578409946292" x="3563.6837795276915" y="-958.83224407414"/>
          <y:Fill color="#FF0000" transparent="false"/>
          <y:BorderStyle color="#000000" type="line" width="1.0"/>
          <y:NodeLabel alignment="center" autoSizePolicy="content" fontFamily="Dialog" fontSize="13" fontStyle="bold" hasBackgroundColor="false" hasLineColor="false" height="19.1328125" horizontalTextPosition="center" iconTextGap="4" modelName="custom" textColor="#000000" verticalTextPosition="bottom" visible="true" width="45.87548828125" x="58.34514790910646" y="25.96875">Miner<y:LabelModel>
              <y:SmartNodeLabelModel distance="4.0"/>
            </y:LabelModel>
            <y:ModelParameter>
              <y:SmartNodeLabelModelParameter labelRatioX="0.0" labelRatioY="0.0" nodeRatioX="0.0" nodeRatioY="-0.03703090122767855" offsetX="0.0" offsetY="0.0" upX="0.0" upY="-1.0"/>
            </y:ModelParameter>
          </y:NodeLabel>
          <y:UML clipContent="true" constraint="" omitDetails="false" stereotype="Interface" use3DEffect="true">
            <y:AttributeLabel/>
            <y:MethodLabel>+transform(): boolean</y:MethodLabel>
          </y:UML>
        </y:UMLClassNode>
      </data>
    </node>
    <node id="n33">
      <data key="d4"/>
      <data key="d6">
        <y:UMLClassNode>
          <y:Geometry height="183.46093750000006" width="199.44067419729168" x="2601.000193790496" y="-1329.8102766601958"/>
          <y:Fill color="#FF00FF" transparent="false"/>
          <y:BorderStyle color="#000000" type="line" width="1.0"/>
          <y:NodeLabel alignment="center" autoSizePolicy="content" fontFamily="Dialog" fontSize="13" fontStyle="bold" hasBackgroundColor="false" hasLineColor="false" height="19.1328125" horizontalTextPosition="center" iconTextGap="4" modelName="custom" textColor="#000000" verticalTextPosition="bottom" visible="true" width="78.65478515625" x="60.39294452052084" y="25.96875">AbsObject<y:LabelModel>
              <y:SmartNodeLabelModel distance="4.0"/>
            </y:LabelModel>
            <y:ModelParameter>
              <y:SmartNodeLabelModelParameter labelRatioX="0.0" labelRatioY="0.0" nodeRatioX="0.0" nodeRatioY="-0.03703090122767855" offsetX="0.0" offsetY="0.0" upX="0.0" upY="-1.0"/>
            </y:ModelParameter>
          </y:NodeLabel>
          <y:UML clipContent="true" constraint="" omitDetails="false" stereotype="Abstract" use3DEffect="true">
            <y:AttributeLabel>-id: String
-images: List&lt;PImage&gt;
-imageIndex: int</y:AttributeLabel>
            <y:MethodLabel>+getCurrentImage(): PImage
+images(): List&lt;Point&gt;
+imageIndex(): int
+setImageIndex()
+id(): String</y:MethodLabel>
          </y:UML>
        </y:UMLClassNode>
      </data>
    </node>
    <edge id="e0" source="n13" target="n0">
      <data key="d10">
        <y:PolyLineEdge>
          <y:Path sx="0.0" sy="0.0" tx="0.0" ty="0.0"/>
          <y:LineStyle color="#000000" type="dashed" width="1.0"/>
          <y:Arrows source="none" target="white_delta"/>
          <y:BendStyle smoothed="false"/>
        </y:PolyLineEdge>
      </data>
    </edge>
    <edge id="e1" source="n12" target="n0">
      <data key="d10">
        <y:PolyLineEdge>
          <y:Path sx="0.0" sy="0.0" tx="0.0" ty="0.0"/>
          <y:LineStyle color="#000000" type="dashed" width="1.0"/>
          <y:Arrows source="none" target="white_delta"/>
          <y:EdgeLabel alignment="center" configuration="AutoFlippingLabel" distance="2.0" fontFamily="Dialog" fontSize="12" fontStyle="plain" hasBackgroundColor="false" hasLineColor="false" hasText="false" height="4.0" horizontalTextPosition="center" iconTextGap="4" modelName="custom" preferredPlacement="anywhere" ratio="0.5" textColor="#000000" verticalTextPosition="bottom" visible="true" width="4.0" x="39.760383081992586" y="-5.378382915105021">
            <y:LabelModel>
              <y:SmartEdgeLabelModel autoRotationEnabled="false" defaultAngle="0.0" defaultDistance="10.0"/>
            </y:LabelModel>
            <y:ModelParameter>
              <y:SmartEdgeLabelModelParameter angle="0.0" distance="30.0" distanceToCenter="true" position="right" ratio="0.5" segment="0"/>
            </y:ModelParameter>
            <y:PreferredPlacementDescriptor angle="0.0" angleOffsetOnRightSide="0" angleReference="absolute" angleRotationOnRightSide="co" distance="-1.0" frozen="true" placement="anywhere" side="anywhere" sideReference="relative_to_edge_flow"/>
          </y:EdgeLabel>
          <y:BendStyle smoothed="false"/>
        </y:PolyLineEdge>
      </data>
    </edge>
    <edge id="e2" source="n24" target="n2">
      <data key="d10">
        <y:PolyLineEdge>
          <y:Path sx="0.0" sy="0.0" tx="0.0" ty="0.0"/>
          <y:LineStyle color="#000000" type="line" width="1.0"/>
          <y:Arrows source="none" target="white_delta"/>
          <y:BendStyle smoothed="false"/>
        </y:PolyLineEdge>
      </data>
    </edge>
    <edge id="e3" source="n25" target="n24">
      <data key="d10">
        <y:PolyLineEdge>
          <y:Path sx="0.0" sy="0.0" tx="0.0" ty="0.0"/>
          <y:LineStyle color="#000000" type="line" width="1.0"/>
          <y:Arrows source="none" target="white_delta"/>
          <y:BendStyle smoothed="false"/>
        </y:PolyLineEdge>
      </data>
    </edge>
    <edge id="e4" source="n5" target="n26">
      <data key="d10">
        <y:PolyLineEdge>
          <y:Path sx="0.0" sy="0.0" tx="0.0" ty="0.0"/>
          <y:LineStyle color="#000000" type="dashed" width="1.0"/>
          <y:Arrows source="none" target="white_delta"/>
          <y:BendStyle smoothed="false"/>
        </y:PolyLineEdge>
      </data>
    </edge>
    <edge id="e5" source="n6" target="n26">
      <data key="d10">
        <y:PolyLineEdge>
          <y:Path sx="0.0" sy="0.0" tx="0.0" ty="0.0"/>
          <y:LineStyle color="#000000" type="dashed" width="1.0"/>
          <y:Arrows source="none" target="white_delta"/>
          <y:BendStyle smoothed="false"/>
        </y:PolyLineEdge>
      </data>
    </edge>
    <edge id="e6" source="n27" target="n25">
      <data key="d10">
        <y:PolyLineEdge>
          <y:Path sx="0.0" sy="0.0" tx="0.0" ty="0.0"/>
          <y:LineStyle color="#000000" type="line" width="1.0"/>
          <y:Arrows source="none" target="white_delta"/>
          <y:BendStyle smoothed="false"/>
        </y:PolyLineEdge>
      </data>
    </edge>
    <edge id="e7" source="n28" target="n2">
      <data key="d9"/>
      <data key="d10">
        <y:PolyLineEdge>
          <y:Path sx="0.0" sy="0.0" tx="0.0" ty="0.0"/>
          <y:LineStyle color="#000000" type="line" width="1.0"/>
          <y:Arrows source="none" target="white_delta"/>
          <y:BendStyle smoothed="false"/>
        </y:PolyLineEdge>
      </data>
    </edge>
    <edge id="e8" source="n11" target="n28">
      <data key="d9"/>
      <data key="d10">
        <y:PolyLineEdge>
          <y:Path sx="0.0" sy="0.0" tx="0.0" ty="0.0"/>
          <y:LineStyle color="#000000" type="dashed" width="1.0"/>
          <y:Arrows source="none" target="white_delta"/>
          <y:BendStyle smoothed="false"/>
        </y:PolyLineEdge>
      </data>
    </edge>
    <edge id="e9" source="n4" target="n28">
      <data key="d9"/>
      <data key="d10">
        <y:PolyLineEdge>
          <y:Path sx="0.0" sy="0.0" tx="0.0" ty="0.0"/>
          <y:LineStyle color="#000000" type="dashed" width="1.0"/>
          <y:Arrows source="none" target="white_delta"/>
          <y:BendStyle smoothed="false"/>
        </y:PolyLineEdge>
      </data>
    </edge>
    <edge id="e10" source="n10" target="n29">
      <data key="d9"/>
      <data key="d10">
        <y:PolyLineEdge>
          <y:Path sx="0.0" sy="0.0" tx="0.0" ty="0.0"/>
          <y:LineStyle color="#000000" type="dashed" width="1.0"/>
          <y:Arrows source="none" target="white_delta"/>
          <y:BendStyle smoothed="false"/>
        </y:PolyLineEdge>
      </data>
    </edge>
    <edge id="e11" source="n29" target="n24">
      <data key="d9"/>
      <data key="d10">
        <y:PolyLineEdge>
          <y:Path sx="0.0" sy="0.0" tx="0.0" ty="0.0"/>
          <y:LineStyle color="#000000" type="line" width="1.0"/>
          <y:Arrows source="none" target="white_delta"/>
          <y:BendStyle smoothed="false"/>
        </y:PolyLineEdge>
      </data>
    </edge>
    <edge id="e12" source="n7" target="n29">
      <data key="d9"/>
      <data key="d10">
        <y:PolyLineEdge>
          <y:Path sx="0.0" sy="0.0" tx="0.0" ty="0.0"/>
          <y:LineStyle color="#000000" type="dashed" width="1.0"/>
          <y:Arrows source="none" target="white_delta"/>
          <y:BendStyle smoothed="false"/>
        </y:PolyLineEdge>
      </data>
    </edge>
    <edge id="e13" source="n29" target="n28">
      <data key="d9"/>
      <data key="d10">
        <y:PolyLineEdge>
          <y:Path sx="0.0" sy="0.0" tx="0.0" ty="0.0"/>
          <y:LineStyle color="#000000" type="line" width="1.0"/>
          <y:Arrows source="none" target="white_delta"/>
          <y:BendStyle smoothed="false"/>
        </y:PolyLineEdge>
      </data>
    </edge>
    <edge id="e14" source="n9" target="n30">
      <data key="d9"/>
      <data key="d10">
        <y:PolyLineEdge>
          <y:Path sx="0.0" sy="0.0" tx="0.0" ty="0.0"/>
          <y:LineStyle color="#000000" type="dashed" width="1.0"/>
          <y:Arrows source="none" target="white_delta"/>
          <y:BendStyle smoothed="false"/>
        </y:PolyLineEdge>
      </data>
    </edge>
    <edge id="e15" source="n30" target="n29">
      <data key="d9"/>
      <data key="d10">
        <y:PolyLineEdge>
          <y:Path sx="0.0" sy="0.0" tx="0.0" ty="0.0"/>
          <y:LineStyle color="#000000" type="line" width="1.0"/>
          <y:Arrows source="none" target="white_delta"/>
          <y:BendStyle smoothed="false"/>
        </y:PolyLineEdge>
      </data>
    </edge>
    <edge id="e16" source="n30" target="n25">
      <data key="d9"/>
      <data key="d10">
        <y:PolyLineEdge>
          <y:Path sx="0.0" sy="0.0" tx="0.0" ty="0.0"/>
          <y:LineStyle color="#000000" type="line" width="1.0"/>
          <y:Arrows source="none" target="white_delta"/>
          <y:BendStyle smoothed="false"/>
        </y:PolyLineEdge>
      </data>
    </edge>
    <edge id="e17" source="n31" target="n27">
      <data key="d9"/>
      <data key="d10">
        <y:PolyLineEdge>
          <y:Path sx="0.0" sy="0.0" tx="0.0" ty="0.0"/>
          <y:LineStyle color="#000000" type="line" width="1.0"/>
          <y:Arrows source="none" target="white_delta"/>
          <y:BendStyle smoothed="false"/>
        </y:PolyLineEdge>
      </data>
    </edge>
    <edge id="e18" source="n31" target="n30">
      <data key="d9"/>
      <data key="d10">
        <y:PolyLineEdge>
          <y:Path sx="0.0" sy="0.0" tx="0.0" ty="0.0"/>
          <y:LineStyle color="#000000" type="line" width="1.0"/>
          <y:Arrows source="none" target="white_delta"/>
          <y:BendStyle smoothed="false"/>
        </y:PolyLineEdge>
      </data>
    </edge>
    <edge id="e19" source="n8" target="n31">
      <data key="d9"/>
      <data key="d10">
        <y:PolyLineEdge>
          <y:Path sx="0.0" sy="0.0" tx="0.0" ty="0.0"/>
          <y:LineStyle color="#000000" type="dashed" width="1.0"/>
          <y:Arrows source="none" target="white_delta"/>
          <y:BendStyle smoothed="false"/>
        </y:PolyLineEdge>
      </data>
    </edge>
    <edge id="e20" source="n26" target="n31">
      <data key="d9"/>
      <data key="d10">
        <y:PolyLineEdge>
          <y:Path sx="0.0" sy="0.0" tx="0.0" ty="0.0"/>
          <y:LineStyle color="#000000" type="line" width="1.0"/>
          <y:Arrows source="none" target="white_delta"/>
          <y:BendStyle smoothed="false"/>
        </y:PolyLineEdge>
      </data>
    </edge>
    <edge id="e21" source="n26" target="n32">
      <data key="d9"/>
      <data key="d10">
        <y:PolyLineEdge>
          <y:Path sx="0.0" sy="0.0" tx="0.0" ty="0.0"/>
          <y:LineStyle color="#000000" type="line" width="1.0"/>
          <y:Arrows source="none" target="white_delta"/>
          <y:BendStyle smoothed="false"/>
        </y:PolyLineEdge>
      </data>
    </edge>
    <edge id="e22" source="n32" target="n27">
      <data key="d9"/>
      <data key="d10">
        <y:PolyLineEdge>
          <y:Path sx="0.0" sy="0.0" tx="0.0" ty="0.0"/>
          <y:LineStyle color="#000000" type="line" width="1.0"/>
          <y:Arrows source="none" target="white_delta"/>
          <y:BendStyle smoothed="false"/>
        </y:PolyLineEdge>
      </data>
    </edge>
    <edge id="e23" source="n14" target="n33">
      <data key="d9"/>
      <data key="d10">
        <y:PolyLineEdge>
          <y:Path sx="0.0" sy="0.0" tx="0.0" ty="0.0"/>
          <y:LineStyle color="#000000" type="line" width="1.0"/>
          <y:Arrows source="none" target="white_delta"/>
          <y:BendStyle smoothed="false"/>
        </y:PolyLineEdge>
      </data>
    </edge>
    <edge id="e24" source="n28" target="n33">
      <data key="d9"/>
      <data key="d10">
        <y:PolyLineEdge>
          <y:Path sx="0.0" sy="0.0" tx="0.0" ty="0.0"/>
          <y:LineStyle color="#000000" type="line" width="1.0"/>
          <y:Arrows source="none" target="white_delta"/>
          <y:BendStyle smoothed="false"/>
        </y:PolyLineEdge>
      </data>
    </edge>
  </graph>
  <data key="d7">
    <y:Resources/>
  </data>
</graphml>
