<?xml version="1.0" encoding="UTF-8" standalone="no"?>
<graphml xmlns="http://graphml.graphdrawing.org/xmlns" xmlns:java="http://www.yworks.com/xml/yfiles-common/1.0/java" xmlns:sys="http://www.yworks.com/xml/yfiles-common/markup/primitives/2.0" xmlns:x="http://www.yworks.com/xml/yfiles-common/markup/2.0" xmlns:xsi="http://www.w3.org/2001/XMLSchema-instance" xmlns:y="http://www.yworks.com/xml/graphml" xmlns:yed="http://www.yworks.com/xml/yed/3" xsi:schemaLocation="http://graphml.graphdrawing.org/xmlns http://www.yworks.com/xml/schema/graphml/1.1/ygraphml.xsd">
  <!--Created by yEd 3.17.1-->
  <key attr.name="Description" attr.type="string" for="graph" id="d0"/>
  <key for="port" id="d1" yfiles.type="portgraphics"/>
  <key for="port" id="d2" yfiles.type="portgeometry"/>
  <key for="port" id="d3" yfiles.type="portuserdata"/>
  <key attr.name="url" attr.type="string" for="node" id="d4"/>
  <key attr.name="description" attr.type="string" for="node" id="d5"/>
  <key for="node" id="d6" yfiles.type="nodegraphics"/>
  <key for="graphml" id="d7" yfiles.type="resources"/>
  <key attr.name="url" attr.type="string" for="edge" id="d8"/>
  <key attr.name="description" attr.type="string" for="edge" id="d9"/>
  <key for="edge" id="d10" yfiles.type="edgegraphics"/>
  <graph edgedefault="directed" id="G">
    <data key="d0"/>
    <node id="n0">
      <data key="d4"/>
      <data key="d6">
        <y:UMLClassNode>
          <y:Geometry height="154.22583389112" width="149.0" x="369.15590254536664" y="57.661249163319965"/>
          <y:Fill color="#FFCC00" transparent="false"/>
          <y:BorderStyle color="#000000" type="line" width="1.0"/>
          <y:NodeLabel alignment="center" autoSizePolicy="content" fontFamily="Dialog" fontSize="13" fontStyle="bold" hasBackgroundColor="false" hasLineColor="false" height="19.92626953125" horizontalTextPosition="center" iconTextGap="4" modelName="custom" textColor="#000000" verticalTextPosition="bottom" visible="true" width="79.841796875" x="34.5791015625" y="3.0">Background<y:LabelModel>
              <y:SmartNodeLabelModel distance="4.0"/>
            </y:LabelModel>
            <y:ModelParameter>
              <y:SmartNodeLabelModelParameter labelRatioX="0.0" labelRatioY="0.0" nodeRatioX="0.0" nodeRatioY="-0.03703090122767855" offsetX="0.0" offsetY="0.0" upX="0.0" upY="-1.0"/>
            </y:ModelParameter>
          </y:NodeLabel>
          <y:UML clipContent="true" constraint="" omitDetails="false" stereotype="" use3DEffect="true">
            <y:AttributeLabel>+id: String
+images: List&lt;PImage&gt;
+imageIndex: int</y:AttributeLabel>
            <y:MethodLabel/>
          </y:UML>
        </y:UMLClassNode>
      </data>
    </node>
    <node id="n1">
      <data key="d4"/>
      <data key="d6">
        <y:UMLClassNode>
          <y:Geometry height="183.29041861892017" width="137.0" x="371.34944407258666" y="226.11826356351332"/>
          <y:Fill color="#FFCC00" transparent="false"/>
          <y:BorderStyle color="#000000" type="line" width="1.0"/>
          <y:NodeLabel alignment="center" autoSizePolicy="content" fontFamily="Dialog" fontSize="13" fontStyle="bold" hasBackgroundColor="false" hasLineColor="false" height="19.92626953125" horizontalTextPosition="center" iconTextGap="4" modelName="custom" textColor="#000000" verticalTextPosition="bottom" visible="true" width="39.40087890625" x="48.799560546875" y="3.0">Event<y:LabelModel>
              <y:SmartNodeLabelModel distance="4.0"/>
            </y:LabelModel>
            <y:ModelParameter>
              <y:SmartNodeLabelModelParameter labelRatioX="0.0" labelRatioY="0.0" nodeRatioX="0.0" nodeRatioY="-0.03703090122767855" offsetX="0.0" offsetY="0.0" upX="0.0" upY="-1.0"/>
            </y:ModelParameter>
          </y:NodeLabel>
          <y:UML clipContent="true" constraint="" omitDetails="false" stereotype="" use3DEffect="true">
            <y:AttributeLabel>+action: Action
+time: long
+entity: Entity</y:AttributeLabel>
            <y:MethodLabel/>
          </y:UML>
        </y:UMLClassNode>
      </data>
    </node>
    <node id="n2">
      <data key="d4"/>
      <data key="d6">
        <y:UMLClassNode>
          <y:Geometry height="132.0" width="137.0" x="42.61826356351331" y="420.5372136694927"/>
          <y:Fill color="#FFCC00" transparent="false"/>
          <y:BorderStyle color="#000000" type="line" width="1.0"/>
          <y:NodeLabel alignment="center" autoSizePolicy="content" fontFamily="Dialog" fontSize="13" fontStyle="bold" hasBackgroundColor="false" hasLineColor="false" height="19.92626953125" horizontalTextPosition="center" iconTextGap="4" modelName="custom" textColor="#000000" verticalTextPosition="bottom" visible="true" width="113.078125" x="11.9609375" y="3.0">EventComparator<y:LabelModel>
              <y:SmartNodeLabelModel distance="4.0"/>
            </y:LabelModel>
            <y:ModelParameter>
              <y:SmartNodeLabelModelParameter labelRatioX="0.0" labelRatioY="0.0" nodeRatioX="0.0" nodeRatioY="-0.03703090122767855" offsetX="0.0" offsetY="0.0" upX="0.0" upY="-1.0"/>
            </y:ModelParameter>
          </y:NodeLabel>
          <y:UML clipContent="true" constraint="" omitDetails="false" stereotype="" use3DEffect="true">
            <y:AttributeLabel/>
            <y:MethodLabel>+compare(): int</y:MethodLabel>
          </y:UML>
        </y:UMLClassNode>
      </data>
    </node>
    <node id="n3">
      <data key="d4"/>
      <data key="d6">
        <y:UMLClassNode>
          <y:Geometry height="132.0" width="273.0" x="196.98888145173282" y="420.7095813810799"/>
          <y:Fill color="#FFCC00" transparent="false"/>
          <y:BorderStyle color="#000000" type="line" width="1.0"/>
          <y:NodeLabel alignment="center" autoSizePolicy="content" fontFamily="Dialog" fontSize="13" fontStyle="bold" hasBackgroundColor="false" hasLineColor="false" height="19.92626953125" horizontalTextPosition="center" iconTextGap="4" modelName="custom" textColor="#000000" verticalTextPosition="bottom" visible="true" width="102.25537109375" x="85.372314453125" y="3.0">EventScheduler<y:LabelModel>
              <y:SmartNodeLabelModel distance="4.0"/>
            </y:LabelModel>
            <y:ModelParameter>
              <y:SmartNodeLabelModelParameter labelRatioX="0.0" labelRatioY="0.0" nodeRatioX="0.0" nodeRatioY="-0.03703090122767855" offsetX="0.0" offsetY="0.0" upX="0.0" upY="-1.0"/>
            </y:ModelParameter>
          </y:NodeLabel>
          <y:UML clipContent="true" constraint="" omitDetails="false" stereotype="" use3DEffect="true">
            <y:AttributeLabel>+eventQueue: PriorityQueue&lt;Event&gt;
+pendingEvents: Map&lt;Entity, List&lt;Event&gt;&gt;
+timeScale: double</y:AttributeLabel>
            <y:MethodLabel/>
          </y:UML>
        </y:UMLClassNode>
      </data>
    </node>
    <node id="n4">
      <data key="d4"/>
      <data key="d6">
        <y:UMLClassNode>
          <y:Geometry height="135.96770763609993" width="241.0" x="43.19846283281271" y="563.1884075654469"/>
          <y:Fill color="#FFCC00" transparent="false"/>
          <y:BorderStyle color="#000000" type="line" width="1.0"/>
          <y:NodeLabel alignment="center" autoSizePolicy="content" fontFamily="Dialog" fontSize="13" fontStyle="bold" hasBackgroundColor="false" hasLineColor="false" height="19.92626953125" horizontalTextPosition="center" iconTextGap="4" modelName="custom" textColor="#000000" verticalTextPosition="bottom" visible="true" width="74.8017578125" x="83.09912109375" y="3.0">ImageStore<y:LabelModel>
              <y:SmartNodeLabelModel distance="4.0"/>
            </y:LabelModel>
            <y:ModelParameter>
              <y:SmartNodeLabelModelParameter labelRatioX="0.0" labelRatioY="0.0" nodeRatioX="0.0" nodeRatioY="-0.03703090122767855" offsetX="0.0" offsetY="0.0" upX="0.0" upY="-1.0"/>
            </y:ModelParameter>
          </y:NodeLabel>
          <y:UML clipContent="true" constraint="" omitDetails="false" stereotype="" use3DEffect="true">
            <y:AttributeLabel>+images: Map&lt;String, List&lt;PImage&gt;&gt;
+defaultImages: List&lt;PImage&gt;</y:AttributeLabel>
            <y:MethodLabel/>
          </y:UML>
        </y:UMLClassNode>
      </data>
    </node>
    <node id="n5">
      <data key="d4"/>
      <data key="d6">
        <y:UMLClassNode>
          <y:Geometry height="135.0" width="133.0" x="295.784434032426" y="563.1612491633199"/>
          <y:Fill color="#FFCC00" transparent="false"/>
          <y:BorderStyle color="#000000" type="line" width="1.0"/>
          <y:NodeLabel alignment="center" autoSizePolicy="content" fontFamily="Dialog" fontSize="13" fontStyle="bold" hasBackgroundColor="false" hasLineColor="false" height="19.92626953125" horizontalTextPosition="center" iconTextGap="4" modelName="custom" textColor="#000000" verticalTextPosition="bottom" visible="true" width="36.49365234375" x="48.253173828125" y="3.0">Point<y:LabelModel>
              <y:SmartNodeLabelModel distance="4.0"/>
            </y:LabelModel>
            <y:ModelParameter>
              <y:SmartNodeLabelModelParameter labelRatioX="0.0" labelRatioY="0.0" nodeRatioX="0.0" nodeRatioY="-0.03703090122767855" offsetX="0.0" offsetY="0.0" upX="0.0" upY="-1.0"/>
            </y:ModelParameter>
          </y:NodeLabel>
          <y:UML clipContent="true" constraint="" omitDetails="false" stereotype="" use3DEffect="true">
            <y:AttributeLabel>+x: int
+y: int</y:AttributeLabel>
            <y:MethodLabel>+toString(): String
+equals(): boolean</y:MethodLabel>
          </y:UML>
        </y:UMLClassNode>
      </data>
    </node>
    <node id="n6">
      <data key="d4"/>
      <data key="d6">
        <y:UMLClassNode>
          <y:Geometry height="135.0" width="164.0" x="44.19269090249878" y="709.3547906905399"/>
          <y:Fill color="#FFCC00" transparent="false"/>
          <y:BorderStyle color="#000000" type="line" width="1.0"/>
          <y:NodeLabel alignment="center" autoSizePolicy="content" fontFamily="Dialog" fontSize="13" fontStyle="bold" hasBackgroundColor="false" hasLineColor="false" height="19.92626953125" horizontalTextPosition="center" iconTextGap="4" modelName="custom" textColor="#000000" verticalTextPosition="bottom" visible="true" width="58.89453125" x="52.552734375" y="3.0">Viewport<y:LabelModel>
              <y:SmartNodeLabelModel distance="4.0"/>
            </y:LabelModel>
            <y:ModelParameter>
              <y:SmartNodeLabelModelParameter labelRatioX="0.0" labelRatioY="0.0" nodeRatioX="0.0" nodeRatioY="-0.03703090122767855" offsetX="0.0" offsetY="0.0" upX="0.0" upY="-1.0"/>
            </y:ModelParameter>
          </y:NodeLabel>
          <y:UML clipContent="true" constraint="" omitDetails="false" stereotype="" use3DEffect="true">
            <y:AttributeLabel>+row: int
+col: int
+numRows: int
+numCols: int</y:AttributeLabel>
            <y:MethodLabel/>
          </y:UML>
        </y:UMLClassNode>
      </data>
    </node>
    <node id="n7">
      <data key="d4"/>
      <data key="d6">
        <y:UMLClassNode>
          <y:Geometry height="137.0" width="192.99999999999991" x="216.3659092388071" y="709.6340907611929"/>
          <y:Fill color="#FFCC00" transparent="false"/>
          <y:BorderStyle color="#000000" type="line" width="1.0"/>
          <y:NodeLabel alignment="center" autoSizePolicy="content" fontFamily="Dialog" fontSize="13" fontStyle="bold" hasBackgroundColor="false" hasLineColor="false" height="19.92626953125" horizontalTextPosition="center" iconTextGap="4" modelName="custom" textColor="#000000" verticalTextPosition="bottom" visible="true" width="78.37548828125" x="57.31225585937496" y="3.0">WorldModel<y:LabelModel>
              <y:SmartNodeLabelModel distance="4.0"/>
            </y:LabelModel>
            <y:ModelParameter>
              <y:SmartNodeLabelModelParameter labelRatioX="0.0" labelRatioY="0.0" nodeRatioX="0.0" nodeRatioY="-0.03703090122767855" offsetX="0.0" offsetY="0.0" upX="0.0" upY="-1.0"/>
            </y:ModelParameter>
          </y:NodeLabel>
          <y:UML clipContent="true" constraint="" omitDetails="false" stereotype="" use3DEffect="true">
            <y:AttributeLabel>+numRows: int
+numCols: int
+background: Background[][]
+occupancy: Entity[][]
+entities: Set&lt;Entity&gt;</y:AttributeLabel>
            <y:MethodLabel/>
          </y:UML>
        </y:UMLClassNode>
      </data>
    </node>
    <node id="n8">
      <data key="d4"/>
      <data key="d6">
        <y:UMLClassNode>
          <y:Geometry height="138.0" width="159.99999999999994" x="416.21535331139376" y="709.6340907611929"/>
          <y:Fill color="#FFCC00" transparent="false"/>
          <y:BorderStyle color="#000000" type="line" width="1.0"/>
          <y:NodeLabel alignment="center" autoSizePolicy="content" fontFamily="Dialog" fontSize="13" fontStyle="bold" hasBackgroundColor="false" hasLineColor="false" height="19.92626953125" horizontalTextPosition="center" iconTextGap="4" modelName="custom" textColor="#000000" verticalTextPosition="bottom" visible="true" width="70.447265625" x="44.77636718749997" y="3.0">WorldView<y:LabelModel>
              <y:SmartNodeLabelModel distance="4.0"/>
            </y:LabelModel>
            <y:ModelParameter>
              <y:SmartNodeLabelModelParameter labelRatioX="0.0" labelRatioY="0.0" nodeRatioX="0.0" nodeRatioY="-0.03703090122767855" offsetX="0.0" offsetY="0.0" upX="0.0" upY="-1.0"/>
            </y:ModelParameter>
          </y:NodeLabel>
          <y:UML clipContent="true" constraint="" omitDetails="false" stereotype="" use3DEffect="true">
            <y:AttributeLabel>+screen: PApplet
+world: WorldModel
+tileWidth: int
+tileHeight: int
+viewport: Viewport</y:AttributeLabel>
            <y:MethodLabel/>
          </y:UML>
        </y:UMLClassNode>
      </data>
    </node>
    <node id="n9">
      <data key="d4"/>
      <data key="d6">
        <y:UMLClassNode>
          <y:Geometry height="586.4725695792878" width="382.99999999999983" x="44.768819490927" y="857.3329789063662"/>
          <y:Fill color="#FFCC00" transparent="false"/>
          <y:BorderStyle color="#000000" type="line" width="1.0"/>
          <y:NodeLabel alignment="center" autoSizePolicy="content" fontFamily="Dialog" fontSize="13" fontStyle="bold" hasBackgroundColor="false" hasLineColor="false" height="19.92626953125" horizontalTextPosition="center" iconTextGap="4" modelName="custom" textColor="#000000" verticalTextPosition="bottom" visible="true" width="81.2763671875" x="150.86181640624991" y="3.0">VirtualWorld<y:LabelModel>
              <y:SmartNodeLabelModel distance="4.0"/>
            </y:LabelModel>
            <y:ModelParameter>
              <y:SmartNodeLabelModelParameter labelRatioX="0.0" labelRatioY="0.0" nodeRatioX="0.0" nodeRatioY="-0.03703090122767855" offsetX="0.0" offsetY="0.0" upX="0.0" upY="-1.0"/>
            </y:ModelParameter>
          </y:NodeLabel>
          <y:UML clipContent="true" constraint="" omitDetails="false" stereotype="" use3DEffect="true">
            <y:AttributeLabel>+TIMER_ACTION_PERIOD: int         &lt;&lt;static&gt;&gt;
+VIEW_WIDTH: int                          &lt;&lt;static&gt;&gt;
+VIEW_HEIGHT: int                         &lt;&lt;static&gt;&gt;
+TILE_WIDTH: int                           &lt;&lt;static&gt;&gt;
+TILE_HEIGHT: int                          &lt;&lt;static&gt;&gt;
+WORLD_WIDTH_SCALE: int           &lt;&lt;static&gt;&gt;
+WORLD_HEIGHT_SCALE: int          &lt;&lt;static&gt;&gt;
+VIEW_COLS: int                             &lt;&lt;static&gt;&gt;
+VIEW_ROWS: int                            &lt;&lt;static&gt;&gt;
+WORLD_COLS: int                         &lt;&lt;static&gt;&gt;
+WORLD_ROWS: int                        &lt;&lt;static&gt;&gt;
+IMAGE_LIST_FILE_NAME: String    &lt;&lt;static&gt;&gt;
+DEFAULT_IMAGE_NAME: String    &lt;&lt;static&gt;&gt;
+DEFAULT_IMAGE_COLOR: int       &lt;&lt;static&gt;&gt;
+LOAD_FILE_NAME: String            &lt;&lt;static&gt;&gt;
+FAST_FLAG: String                      &lt;&lt;static&gt;&gt;
+FASTER_FLAG: String                  &lt;&lt;static&gt;&gt;
+FASTEST_FLAG: String                &lt;&lt;static&gt;&gt;
+FAST_SCALE: double                  &lt;&lt;static&gt;&gt;
+FASTER_SCALE: double              &lt;&lt;static&gt;&gt;
+FASTEST_SCALE: double            &lt;&lt;static&gt;&gt;
+timeScale: double
+imageStore: ImageStore
+world: WorldModel
+view: WorldView
+scheduler: EventScheduler</y:AttributeLabel>
            <y:MethodLabel>+settings()
+setup()
+draw()
+keyPressed()
+createDefaultBackground()         &lt;&lt;static&gt;&gt;
+createImageColored()                 &lt;&lt;static&gt;&gt;
+loadWorld()                                 &lt;&lt;static&gt;&gt;
+scheduleActions()                       &lt;&lt;static&gt;&gt;
+parseCommandLine()                  &lt;&lt;static&gt;&gt;
+main()                                         &lt;&lt;static&gt;&gt;</y:MethodLabel>
          </y:UML>
        </y:UMLClassNode>
      </data>
    </node>
    <node id="n10">
      <data key="d4"/>
      <data key="d6">
        <y:UMLClassNode>
          <y:Geometry height="1984.3136994748725" width="365.0" x="597.5" y="57.66666666666674"/>
          <y:Fill color="#FFCC00" transparent="false"/>
          <y:BorderStyle color="#000000" type="line" width="1.0"/>
          <y:NodeLabel alignment="center" autoSizePolicy="content" fontFamily="Dialog" fontSize="13" fontStyle="bold" hasBackgroundColor="false" hasLineColor="false" height="19.92626953125" horizontalTextPosition="center" iconTextGap="4" modelName="custom" textColor="#000000" verticalTextPosition="bottom" visible="true" width="66.10546875" x="149.447265625" y="3.0">Functions<y:LabelModel>
              <y:SmartNodeLabelModel distance="4.0"/>
            </y:LabelModel>
            <y:ModelParameter>
              <y:SmartNodeLabelModelParameter labelRatioX="0.0" labelRatioY="0.0" nodeRatioX="0.0" nodeRatioY="-0.03703090122767855" offsetX="0.0" offsetY="0.0" upX="0.0" upY="-1.0"/>
            </y:ModelParameter>
          </y:NodeLabel>
          <y:UML clipContent="true" constraint="" omitDetails="false" stereotype="" use3DEffect="true">
            <y:AttributeLabel>+rand: Random                                &lt;&lt;static&gt;&gt;
+BLOB_KEY: String                            &lt;&lt;static&gt;&gt;
+SMITH_ID: int                               &lt;&lt;static&gt;&gt;
+SMITH_COL: int                              &lt;&lt;static&gt;&gt;
+SMITH_ROW: int                              &lt;&lt;static&gt;&gt;
+VEIN_KEY: String                            &lt;&lt;static&gt;&gt;
+VEIN_NUM_PROPERTIES: int                    &lt;&lt;static&gt;&gt;
+VEIN_ID: int                                &lt;&lt;static&gt;&gt;
+VEIN_COL: int                               &lt;&lt;static&gt;&gt;
+VEIN_ROW: int                               &lt;&lt;static&gt;&gt;
+VEIN_ACTION_PERIOD: int                     &lt;&lt;static&gt;&gt;
+MINER_KEY: String                           &lt;&lt;static&gt;&gt;
+MINER_NUM_PROPERTIES: int                   &lt;&lt;static&gt;&gt;
+MINER_ID: int                               &lt;&lt;static&gt;&gt;
+MINER_COL: int                              &lt;&lt;static&gt;&gt;
+MINER_ROW: int                              &lt;&lt;static&gt;&gt;
+MINER_LIMIT: int                            &lt;&lt;static&gt;&gt;
+MINER_ACTION_PERIOD: int                    &lt;&lt;static&gt;&gt;
+MINER_ANIMATION_PERIOD: int                 &lt;&lt;static&gt;&gt;
+OBSTACLE_KEY: String                        &lt;&lt;static&gt;&gt;
+OBSTACLE_NUM_PROPERTIES: int                &lt;&lt;static&gt;&gt;
+OBSTACLE_ID: int                            &lt;&lt;static&gt;&gt;
+OBSTACLE_COL: int                           &lt;&lt;static&gt;&gt;
+OBSTACLE_ROW: int                           &lt;&lt;static&gt;&gt;
+ORE_KEY: String                             &lt;&lt;static&gt;&gt;
+ORE_NUM_PROPERTIES: int                     &lt;&lt;static&gt;&gt;
+ORE_ID: int                                 &lt;&lt;static&gt;&gt;
+ORE_COL: int                                &lt;&lt;static&gt;&gt;
+ORE_ROW: int                                &lt;&lt;static&gt;&gt;
+ORE_ACTION_PERIOD: int                      &lt;&lt;static&gt;&gt;
+SMITH_KEY: String                           &lt;&lt;static&gt;&gt;
+SMITH_NUM_PROPERTIES: int                   &lt;&lt;static&gt;&gt;
+BLOB_ID_SUFFIX: String                      &lt;&lt;static&gt;&gt;
+BLOB_PERIOD_SCALE: int                      &lt;&lt;static&gt;&gt;
+BLOB_ANIMATION_MIN: int                     &lt;&lt;static&gt;&gt;
+BLOB_ANIMATION_MAX: int                     &lt;&lt;static&gt;&gt;
+ORE_ID_PREFIX: String                       &lt;&lt;static&gt;&gt;
+ORE_CORRUPT_MIN: int                        &lt;&lt;static&gt;&gt;
+ORE_CORRUPT_MAX: int                        &lt;&lt;static&gt;&gt;
+ORE_REACH: int                              &lt;&lt;static&gt;&gt;
+QUAKE_KEY: String                           &lt;&lt;static&gt;&gt;
+QUAKE_ID: String                            &lt;&lt;static&gt;&gt;
+QUAKE_ACTION_PERIOD: int                    &lt;&lt;static&gt;&gt;
+QUAKE_ANIMATION_PERIOD: int                 &lt;&lt;static&gt;&gt;
+QUAKE_ANIMATION_REPEAT_COUNT: int           &lt;&lt;static&gt;&gt;
+COLOR_MASK: int                             &lt;&lt;static&gt;&gt;
+KEYED_IMAGE_MIN: int                        &lt;&lt;static&gt;&gt;
+KEYED_RED_IDX: int                        &lt;&lt;static&gt;&gt;
+KEYED_GREEN_IDX: int                        &lt;&lt;static&gt;&gt;
+KEYED_BLUE_IDX: int                        &lt;&lt;static&gt;&gt;
+PROPERTY_KEY: int                           &lt;&lt;static&gt;&gt;
+BGND_KEY: String                            &lt;&lt;static&gt;&gt;
+BGND_NUM_PROPERTIES: int                    &lt;&lt;static&gt;&gt;
+BGND_ID: int                                &lt;&lt;static&gt;&gt;
+BGND_COL: int                               &lt;&lt;static&gt;&gt;
+BGND_ROW: int                               &lt;&lt;static&gt;&gt;</y:AttributeLabel>
            <y:MethodLabel>+getCurrentImage(): PImage            &lt;&lt;static&gt;&gt;
+getAnimationPeriod(): int                   &lt;&lt;static&gt;&gt;
+nextImage()                                 &lt;&lt;static&gt;&gt;
+executeAction()                             &lt;&lt;static&gt;&gt;
+executeAnimationAction()                    &lt;&lt;static&gt;&gt;
+executeActivityAction()                     &lt;&lt;static&gt;&gt;
+executeMinerFullActivity()                  &lt;&lt;static&gt;&gt;
+executeMinerNotFullActivity()             &lt;&lt;static&gt;&gt;
+executeOreActivity()                           &lt;&lt;static&gt;&gt;
+executeOreBlobActivity()                     &lt;&lt;static&gt;&gt;
+executeQuakeActivity()                       &lt;&lt;static&gt;&gt;
+executeVeinActivity()                          &lt;&lt;static&gt;&gt;
+scheduleActions()                           &lt;&lt;static&gt;&gt;
+transformNotFull(): boolean                 &lt;&lt;static&gt;&gt;
+transformFull()                             &lt;&lt;static&gt;&gt;
+moveToNotFull(): boolean                    &lt;&lt;static&gt;&gt;
+moveToFull(): boolean                       &lt;&lt;static&gt;&gt;
+moveToOreBlob(): boolean                    &lt;&lt;static&gt;&gt;
+nextPositionMiner(): Point                  &lt;&lt;static&gt;&gt;
+nextPositionOreBlob(): Point                &lt;&lt;static&gt;&gt;
+adjacent(): boolean                            &lt;&lt;static&gt;&gt;
+findOpenAround(): Optional&lt;Point&gt;  &lt;&lt;static&gt;&gt;
+scheduleEvent()                                  &lt;&lt;static&gt;&gt;
+unscheduleAllEvents()                       &lt;&lt;static&gt;&gt;
+removePendingEvent()                        &lt;&lt;static&gt;&gt;
+updateOnTime()                              &lt;&lt;static&gt;&gt;
+getImageList(): List&lt;PImage&gt;                &lt;&lt;static&gt;&gt;
+loadImages()                                &lt;&lt;static&gt;&gt;
+processImageLine()                          &lt;&lt;static&gt;&gt;
+getImages(): List&lt;PImage&gt;                   &lt;&lt;static&gt;&gt;
+setAlpha()                                  &lt;&lt;static&gt;&gt;
+shift()                                     &lt;&lt;static&gt;&gt;
+contains(): boolean                         &lt;&lt;static&gt;&gt;
+load()                                      &lt;&lt;static&gt;&gt;
+processLine(): boolean                      &lt;&lt;static&gt;&gt;
+parseBackground(): boolean                  &lt;&lt;static&gt;&gt;
+parseMiner(): boolean                       &lt;&lt;static&gt;&gt;
+parseObstacle(): boolean                    &lt;&lt;static&gt;&gt;
+parseOre(): boolean                         &lt;&lt;static&gt;&gt;
+parseSmith(): boolean                       &lt;&lt;static&gt;&gt;
+parseVein(): boolean                        &lt;&lt;static&gt;&gt;
+tryAddEntity()                              &lt;&lt;static&gt;&gt;
+withinBounds(): boolean                     &lt;&lt;static&gt;&gt;
+isOccupied(): boolean                       &lt;&lt;static&gt;&gt;
+nearestEntity(): Optional&lt;Entity&gt;           &lt;&lt;static&gt;&gt;
+distanceSquared(): int                      &lt;&lt;static&gt;&gt;
+findNearest(): Optional&lt;Entity&gt;             &lt;&lt;static&gt;&gt;
+addEntity()                                 &lt;&lt;static&gt;&gt;
+moveEntity()                                &lt;&lt;static&gt;&gt;
+removeEntity()                              &lt;&lt;static&gt;&gt;
+removeEntityAt()                            &lt;&lt;static&gt;&gt;
+getBackgroundImage(): Optional&lt;PImage&gt;      &lt;&lt;static&gt;&gt;
+setBackground()                             &lt;&lt;static&gt;&gt;
+getOccupant(): Optional&lt;Entity&gt;             &lt;&lt;static&gt;&gt;
+getOccupancyCell(): Entity                  &lt;&lt;static&gt;&gt;
+setOccupancyCell()                          &lt;&lt;static&gt;&gt;
+getBackgroundCell(): Background             &lt;&lt;static&gt;&gt;
+setBackgroundCell()                         &lt;&lt;static&gt;&gt;
+viewportToWorld(): Point                    &lt;&lt;static&gt;&gt;
+worldToViewport(): Point                    &lt;&lt;static&gt;&gt;
+clamp()                                      &lt;&lt;static&gt;&gt;
+shiftView()                                 &lt;&lt;static&gt;&gt;
+drawBackground()                            &lt;&lt;static&gt;&gt;
+drawEntities()                              &lt;&lt;static&gt;&gt;
+drawViewport()                              &lt;&lt;static&gt;&gt;
+createAnimationAction(): Action             &lt;&lt;static&gt;&gt;
+createActivityAction(): Action              &lt;&lt;static&gt;&gt;
+createBlacksmith(): Entity                  &lt;&lt;static&gt;&gt;
+createMinerFull(): Entity                   &lt;&lt;static&gt;&gt;
+createMinerNotFull(): Entity                &lt;&lt;static&gt;&gt;
+createObstacle(): Entity                    &lt;&lt;static&gt;&gt;
+createOre(): Entity                         &lt;&lt;static&gt;&gt;
+createOreBlob(): Entity                     &lt;&lt;static&gt;&gt;
+createQuake(): Entity                       &lt;&lt;static&gt;&gt;
+createVein(): Entity                        &lt;&lt;static&gt;&gt;</y:MethodLabel>
          </y:UML>
        </y:UMLClassNode>
      </data>
    </node>
    <node id="n11">
      <data key="d4"/>
      <data key="d6">
        <y:UMLClassNode>
          <y:Geometry height="154.37442129629633" width="166.9936691209282" x="40.0" y="57.728999330655924"/>
          <y:Fill color="#FFCC00" transparent="false"/>
          <y:BorderStyle color="#000000" type="line" width="1.0"/>
          <y:NodeLabel alignment="center" autoSizePolicy="content" fontFamily="Dialog" fontSize="13" fontStyle="bold" hasBackgroundColor="false" hasLineColor="false" height="19.92626953125" horizontalTextPosition="center" iconTextGap="4" modelName="custom" textColor="#000000" verticalTextPosition="bottom" visible="true" width="44.44091796875" x="61.276375576089094" y="3.0">Action<y:LabelModel>
              <y:SmartNodeLabelModel distance="4.0"/>
            </y:LabelModel>
            <y:ModelParameter>
              <y:SmartNodeLabelModelParameter labelRatioX="0.0" labelRatioY="0.0" nodeRatioX="0.0" nodeRatioY="-0.03703090122767855" offsetX="0.0" offsetY="0.0" upX="0.0" upY="-1.0"/>
            </y:ModelParameter>
          </y:NodeLabel>
          <y:UML clipContent="true" constraint="" omitDetails="false" stereotype="" use3DEffect="true">
            <y:AttributeLabel>+kind: ActionKind
+entity: Entity
+world: WorldModel
+imageStore: ImageStore
+repeatCount: int</y:AttributeLabel>
            <y:MethodLabel/>
          </y:UML>
        </y:UMLClassNode>
      </data>
    </node>
    <node id="n12">
      <data key="d4"/>
      <data key="d6">
        <y:UMLClassNode>
          <y:Geometry height="155.89700468540832" width="136.54200133868812" x="220.0" y="57.72899933065594"/>
          <y:Fill color="#FFCC00" transparent="false"/>
          <y:BorderStyle color="#000000" type="line" width="1.0"/>
          <y:NodeLabel alignment="center" autoSizePolicy="content" fontFamily="Dialog" fontSize="13" fontStyle="bold" hasBackgroundColor="false" hasLineColor="false" height="19.92626953125" horizontalTextPosition="center" iconTextGap="4" modelName="custom" textColor="#000000" verticalTextPosition="bottom" visible="true" width="73.32275390625" x="31.609623716219062" y="26.701171875">ActionKind<y:LabelModel>
              <y:SmartNodeLabelModel distance="4.0"/>
            </y:LabelModel>
            <y:ModelParameter>
              <y:SmartNodeLabelModelParameter labelRatioX="0.0" labelRatioY="0.0" nodeRatioX="0.0" nodeRatioY="-0.03703090122767855" offsetX="0.0" offsetY="0.0" upX="0.0" upY="-1.0"/>
            </y:ModelParameter>
          </y:NodeLabel>
          <y:UML clipContent="true" constraint="" omitDetails="false" stereotype="enumeration" use3DEffect="true">
            <y:AttributeLabel>ACTIVITY
ANIMATION</y:AttributeLabel>
            <y:MethodLabel/>
          </y:UML>
        </y:UMLClassNode>
      </data>
    </node>
    <node id="n13">
      <data key="d4"/>
      <data key="d6">
        <y:UMLClassNode>
          <y:Geometry height="184.06479738398042" width="168.51625251004018" x="40.0" y="226.00000000000003"/>
          <y:Fill color="#FFCC00" transparent="false"/>
          <y:BorderStyle color="#000000" type="line" width="1.0"/>
          <y:NodeLabel alignment="center" autoSizePolicy="content" fontFamily="Dialog" fontSize="13" fontStyle="bold" hasBackgroundColor="false" hasLineColor="false" height="19.92626953125" horizontalTextPosition="center" iconTextGap="4" modelName="custom" textColor="#000000" verticalTextPosition="bottom" visible="true" width="40.11181640625" x="64.20221805189509" y="3.0">Entity<y:LabelModel>
              <y:SmartNodeLabelModel distance="4.0"/>
            </y:LabelModel>
            <y:ModelParameter>
              <y:SmartNodeLabelModelParameter labelRatioX="0.0" labelRatioY="0.0" nodeRatioX="0.0" nodeRatioY="-0.03703090122767855" offsetX="0.0" offsetY="0.0" upX="0.0" upY="-1.0"/>
            </y:ModelParameter>
          </y:NodeLabel>
          <y:UML clipContent="true" constraint="" omitDetails="false" stereotype="" use3DEffect="true">
            <y:AttributeLabel>+kind: EntityKind
+id: String
+position: Point
+images: List&lt;PImage&gt;
+imageIndex: int
+resourceLimit: int
+resourceCount: int
+actionPeriod: int
+animationPeriod: int</y:AttributeLabel>
            <y:MethodLabel/>
          </y:UML>
        </y:UMLClassNode>
      </data>
    </node>
    <node id="n14">
      <data key="d4"/>
      <data key="d6">
        <y:UMLClassNode>
          <y:Geometry height="184.06479738398042" width="138.06458472780008" x="220.00000000000003" y="226.00000000000003"/>
          <y:Fill color="#FFCC00" transparent="false"/>
          <y:BorderStyle color="#000000" type="line" width="1.0"/>
          <y:NodeLabel alignment="center" autoSizePolicy="content" fontFamily="Dialog" fontSize="13" fontStyle="bold" hasBackgroundColor="false" hasLineColor="false" height="19.92626953125" horizontalTextPosition="center" iconTextGap="4" modelName="custom" textColor="#000000" verticalTextPosition="bottom" visible="true" width="68.99365234375" x="34.53546619202504" y="26.701171875">EntityKind<y:LabelModel>
              <y:SmartNodeLabelModel distance="4.0"/>
            </y:LabelModel>
            <y:ModelParameter>
              <y:SmartNodeLabelModelParameter labelRatioX="0.0" labelRatioY="0.0" nodeRatioX="0.0" nodeRatioY="-0.03703090122767855" offsetX="0.0" offsetY="0.0" upX="0.0" upY="-1.0"/>
            </y:ModelParameter>
          </y:NodeLabel>
          <y:UML clipContent="true" constraint="" omitDetails="false" stereotype="enumeration" use3DEffect="true">
            <y:AttributeLabel>BLACKSMITH
MINER_FULL
MINER_NOT_FULL
OBSTACLE
ORE
ORE_BLOB
QUAKE
VEIN</y:AttributeLabel>
            <y:MethodLabel/>
          </y:UML>
        </y:UMLClassNode>
      </data>
    </node>
  </graph>
  <data key="d7">
    <y:Resources/>
  </data>
</graphml>
