<?xml version="1.0" encoding="UTF-8" standalone="no"?>
<graphml xmlns="http://graphml.graphdrawing.org/xmlns" xmlns:java="http://www.yworks.com/xml/yfiles-common/1.0/java" xmlns:sys="http://www.yworks.com/xml/yfiles-common/markup/primitives/2.0" xmlns:x="http://www.yworks.com/xml/yfiles-common/markup/2.0" xmlns:xsi="http://www.w3.org/2001/XMLSchema-instance" xmlns:y="http://www.yworks.com/xml/graphml" xmlns:yed="http://www.yworks.com/xml/yed/3" xsi:schemaLocation="http://graphml.graphdrawing.org/xmlns http://www.yworks.com/xml/schema/graphml/1.1/ygraphml.xsd">
  <!--Created by yEd 3.17.1-->
  <key attr.name="Description" attr.type="string" for="graph" id="d0"/>
  <key for="port" id="d1" yfiles.type="portgraphics"/>
  <key for="port" id="d2" yfiles.type="portgeometry"/>
  <key for="port" id="d3" yfiles.type="portuserdata"/>
  <key attr.name="url" attr.type="string" for="node" id="d4"/>
  <key attr.name="description" attr.type="string" for="node" id="d5"/>
  <key for="node" id="d6" yfiles.type="nodegraphics"/>
  <key for="graphml" id="d7" yfiles.type="resources"/>
  <key attr.name="url" attr.type="string" for="edge" id="d8"/>
  <key attr.name="description" attr.type="string" for="edge" id="d9"/>
  <key for="edge" id="d10" yfiles.type="edgegraphics"/>
  <graph edgedefault="directed" id="G">
    <data key="d0"/>
    <node id="n0">
      <data key="d4"/>
      <data key="d6">
        <y:UMLClassNode>
          <y:Geometry height="83.63827970592607" width="230.60054127648004" x="2074.69972936176" y="-1075.010989010551"/>
          <y:Fill color="#00FF00" transparent="false"/>
          <y:BorderStyle color="#000000" type="line" width="1.0"/>
          <y:NodeLabel alignment="center" autoSizePolicy="content" fontFamily="Dialog" fontSize="13" fontStyle="bold" hasBackgroundColor="false" hasLineColor="false" height="19.1328125" horizontalTextPosition="center" iconTextGap="4" modelName="custom" textColor="#000000" verticalTextPosition="bottom" visible="true" width="50.62353515625" x="89.98850306011502" y="25.96875">Action<y:LabelModel>
              <y:SmartNodeLabelModel distance="4.0"/>
            </y:LabelModel>
            <y:ModelParameter>
              <y:SmartNodeLabelModelParameter labelRatioX="0.0" labelRatioY="0.0" nodeRatioX="0.0" nodeRatioY="-0.03703090122767855" offsetX="0.0" offsetY="0.0" upX="0.0" upY="-1.0"/>
            </y:ModelParameter>
          </y:NodeLabel>
          <y:UML clipContent="true" constraint="" omitDetails="false" stereotype="Interface" use3DEffect="true">
            <y:AttributeLabel/>
            <y:MethodLabel>+executeAction():</y:MethodLabel>
          </y:UML>
        </y:UMLClassNode>
      </data>
    </node>
    <node id="n1">
      <data key="d6">
        <y:ShapeNode>
          <y:Geometry height="30.0" width="191.01376296171145" x="1812.022606578514" y="-1590.0295886035442"/>
          <y:Fill color="#FFCC00" transparent="false"/>
          <y:BorderStyle color="#000000" raised="false" type="line" width="1.0"/>
          <y:NodeLabel alignment="center" autoSizePolicy="content" fontFamily="Dialog" fontSize="12" fontStyle="plain" hasBackgroundColor="false" hasLineColor="false" height="17.96875" horizontalTextPosition="center" iconTextGap="4" modelName="custom" textColor="#000000" verticalTextPosition="bottom" visible="true" width="82.990234375" x="54.011764293355725" y="6.015625">Tim Newman<y:LabelModel>
              <y:SmartNodeLabelModel distance="4.0"/>
            </y:LabelModel>
            <y:ModelParameter>
              <y:SmartNodeLabelModelParameter labelRatioX="0.0" labelRatioY="0.0" nodeRatioX="0.0" nodeRatioY="0.0" offsetX="0.0" offsetY="0.0" upX="0.0" upY="-1.0"/>
            </y:ModelParameter>
          </y:NodeLabel>
          <y:Shape type="rectangle"/>
        </y:ShapeNode>
      </data>
    </node>
    <node id="n2">
      <data key="d4"/>
      <data key="d6">
        <y:UMLClassNode>
          <y:Geometry height="124.9766298555707" width="321.0091904358997" x="2719.49540478205" y="-1116.3493391601958"/>
          <y:Fill color="#FF6600" transparent="false"/>
          <y:BorderStyle color="#000000" type="line" width="1.0"/>
          <y:NodeLabel alignment="center" autoSizePolicy="content" fontFamily="Dialog" fontSize="13" fontStyle="bold" hasBackgroundColor="false" hasLineColor="false" height="19.1328125" horizontalTextPosition="center" iconTextGap="4" modelName="custom" textColor="#000000" verticalTextPosition="bottom" visible="true" width="47.494140625" x="136.75752490544986" y="25.96875">Entity<y:LabelModel>
              <y:SmartNodeLabelModel distance="4.0"/>
            </y:LabelModel>
            <y:ModelParameter>
              <y:SmartNodeLabelModelParameter labelRatioX="0.0" labelRatioY="0.0" nodeRatioX="0.0" nodeRatioY="-0.03703090122767855" offsetX="0.0" offsetY="0.0" upX="0.0" upY="-1.0"/>
            </y:ModelParameter>
          </y:NodeLabel>
          <y:UML clipContent="true" constraint="" omitDetails="false" stereotype="Interface" use3DEffect="true">
            <y:AttributeLabel/>
            <y:MethodLabel>+getCurrentImage(): PImage
+position(): Point
+setPosition()
+nearestEntity(): Optional&lt;Entity&gt;   &lt;&lt;static&gt;&gt; </y:MethodLabel>
          </y:UML>
        </y:UMLClassNode>
      </data>
    </node>
    <node id="n3">
      <data key="d4"/>
      <data key="d6">
        <y:UMLClassNode>
          <y:Geometry height="163.86964837627943" width="264.6246696480918" x="1709.8565822693688" y="-657.6307364463133"/>
          <y:Fill color="#FFFF00" transparent="false"/>
          <y:BorderStyle color="#000000" type="line" width="1.0"/>
          <y:NodeLabel alignment="center" autoSizePolicy="content" fontFamily="Dialog" fontSize="13" fontStyle="bold" hasBackgroundColor="false" hasLineColor="false" height="19.1328125" horizontalTextPosition="center" iconTextGap="4" modelName="custom" textColor="#000000" verticalTextPosition="bottom" visible="true" width="96.06640625" x="84.2791316990459" y="3.0">CreateEntity<y:LabelModel>
              <y:SmartNodeLabelModel distance="4.0"/>
            </y:LabelModel>
            <y:ModelParameter>
              <y:SmartNodeLabelModelParameter labelRatioX="0.0" labelRatioY="0.0" nodeRatioX="0.0" nodeRatioY="-0.03703090122767855" offsetX="0.0" offsetY="0.0" upX="0.0" upY="-1.0"/>
            </y:ModelParameter>
          </y:NodeLabel>
          <y:UML clipContent="true" constraint="" omitDetails="false" stereotype="" use3DEffect="true">
            <y:AttributeLabel/>
            <y:MethodLabel>+createBlacksmith(): Entity    &lt;&lt;static&gt;&gt;    
+createMinerFull(): Entity    &lt;&lt;static&gt;&gt;         
+createMinerNotFull(): Entity    &lt;&lt;static&gt;&gt;    
+createObstacle(): Entity    &lt;&lt;static&gt;&gt;              
+createOre(): Entity    &lt;&lt;static&gt;&gt;                   
+createOreBlob(): Entity    &lt;&lt;static&gt;&gt;             
+createQuake(): Entity    &lt;&lt;static&gt;&gt;              
+createVein(): Entity    &lt;&lt;static&gt;&gt;                  </y:MethodLabel>
          </y:UML>
        </y:UMLClassNode>
      </data>
    </node>
    <node id="n4">
      <data key="d4"/>
      <data key="d6">
        <y:UMLClassNode>
          <y:Geometry height="225.91192076127788" width="208.34279661551858" x="1982.969484016519" y="-656.3202909305935"/>
          <y:Fill color="#FFFF00" transparent="false"/>
          <y:BorderStyle color="#000000" type="line" width="1.0"/>
          <y:NodeLabel alignment="center" autoSizePolicy="content" fontFamily="Dialog" fontSize="13" fontStyle="bold" hasBackgroundColor="false" hasLineColor="false" height="19.1328125" horizontalTextPosition="center" iconTextGap="4" modelName="custom" textColor="#000000" verticalTextPosition="bottom" visible="true" width="84.69775390625" x="61.82252135463429" y="3.0">Blacksmith<y:LabelModel>
              <y:SmartNodeLabelModel distance="4.0"/>
            </y:LabelModel>
            <y:ModelParameter>
              <y:SmartNodeLabelModelParameter labelRatioX="0.0" labelRatioY="0.0" nodeRatioX="0.0" nodeRatioY="-0.03703090122767855" offsetX="0.0" offsetY="0.0" upX="0.0" upY="-1.0"/>
            </y:ModelParameter>
          </y:NodeLabel>
          <y:UML clipContent="true" constraint="" omitDetails="false" stereotype="" use3DEffect="true">
            <y:AttributeLabel>-id: String
-position: Point
-images: List&lt;PImage&gt;
-imageIndex: int
+SMITH_KEY: String
-SMITH_NUM_PROPERTIES: int
-SMITH_ID: int
-SMITH_COL: int
-SMITH_ROW: int</y:AttributeLabel>
            <y:MethodLabel>+getCurrentImage(): PImage
+position(): Point
+setPosition()
+parse(): boolean  &lt;&lt;static&gt;&gt;</y:MethodLabel>
          </y:UML>
        </y:UMLClassNode>
      </data>
    </node>
    <node id="n5">
      <data key="d4"/>
      <data key="d6">
        <y:UMLClassNode>
          <y:Geometry height="333.7843125442092" width="220.39897453780844" x="3365.8412252331345" y="-657.6307364463133"/>
          <y:Fill color="#FFFF00" transparent="false"/>
          <y:BorderStyle color="#000000" type="line" width="1.0"/>
          <y:NodeLabel alignment="center" autoSizePolicy="content" fontFamily="Dialog" fontSize="13" fontStyle="bold" hasBackgroundColor="false" hasLineColor="false" height="19.1328125" horizontalTextPosition="center" iconTextGap="4" modelName="custom" textColor="#000000" verticalTextPosition="bottom" visible="true" width="72.9228515625" x="73.73806148765422" y="3.0">MinerFull<y:LabelModel>
              <y:SmartNodeLabelModel distance="4.0"/>
            </y:LabelModel>
            <y:ModelParameter>
              <y:SmartNodeLabelModelParameter labelRatioX="0.0" labelRatioY="0.0" nodeRatioX="0.0" nodeRatioY="-0.03703090122767855" offsetX="0.0" offsetY="0.0" upX="0.0" upY="-1.0"/>
            </y:ModelParameter>
          </y:NodeLabel>
          <y:UML clipContent="true" constraint="" omitDetails="false" stereotype="" use3DEffect="true">
            <y:AttributeLabel>-id: String
-position: Point
-images: List&lt;PImage&gt;
-imageIndex: int
-resourceLimit: int
-resourceCount: int
-actionPeriod: int
-animationPeriod: int</y:AttributeLabel>
            <y:MethodLabel>+getCurrentImage(): PImage
+getAnimationPeriod(): int
+nextImage()
+position(): Point
+setPosition()
+createAnimationAction(): Action
+createActivityAction(): Action
+executeActivity()
+scheduleActions() 
-transform()
-moveTo(): boolean
-nextPosition(): Point</y:MethodLabel>
          </y:UML>
        </y:UMLClassNode>
      </data>
    </node>
    <node id="n6">
      <data key="d4"/>
      <data key="d6">
        <y:UMLClassNode>
          <y:Geometry height="333.7843125442092" width="235.46919694067077" x="3595.148889213818" y="-657.6307364463133"/>
          <y:Fill color="#FFFF00" transparent="false"/>
          <y:BorderStyle color="#000000" type="line" width="1.0"/>
          <y:NodeLabel alignment="center" autoSizePolicy="content" fontFamily="Dialog" fontSize="13" fontStyle="bold" hasBackgroundColor="false" hasLineColor="false" height="19.1328125" horizontalTextPosition="center" iconTextGap="4" modelName="custom" textColor="#000000" verticalTextPosition="bottom" visible="true" width="98.9482421875" x="68.26047737658538" y="3.0">MinerNotFull<y:LabelModel>
              <y:SmartNodeLabelModel distance="4.0"/>
            </y:LabelModel>
            <y:ModelParameter>
              <y:SmartNodeLabelModelParameter labelRatioX="0.0" labelRatioY="0.0" nodeRatioX="0.0" nodeRatioY="-0.03703090122767855" offsetX="0.0" offsetY="0.0" upX="0.0" upY="-1.0"/>
            </y:ModelParameter>
          </y:NodeLabel>
          <y:UML clipContent="true" constraint="" omitDetails="false" stereotype="" use3DEffect="true">
            <y:AttributeLabel>-id: String
-position: Point
-images: List&lt;PImage&gt;
-imageIndex: int
-resourceLimit: int
-resourceCount: int
-actionPeriod: int
-animationPeriod: int</y:AttributeLabel>
            <y:MethodLabel>+getCurrentImage(): PImage
+getAnimationPeriod(): int
+nextImage()
+position(): Point
+setPosition()
+createAnimationAction(): Action
+createActivityAction(): Action
+executeActivity()
+scheduleActions() 
-transform(): boolean
-moveTo(): boolean
-nextPosition(): Point</y:MethodLabel>
          </y:UML>
        </y:UMLClassNode>
      </data>
    </node>
    <node id="n7">
      <data key="d4"/>
      <data key="d6">
        <y:UMLClassNode>
          <y:Geometry height="327.47920418204706" width="208.34279661551858" x="2415.8286016922407" y="-655.0098454148738"/>
          <y:Fill color="#FFFF00" transparent="false"/>
          <y:BorderStyle color="#000000" type="line" width="1.0"/>
          <y:NodeLabel alignment="center" autoSizePolicy="content" fontFamily="Dialog" fontSize="13" fontStyle="bold" hasBackgroundColor="false" hasLineColor="false" height="19.1328125" horizontalTextPosition="center" iconTextGap="4" modelName="custom" textColor="#000000" verticalTextPosition="bottom" visible="true" width="36.5888671875" x="85.87696471400929" y="3.0">Vein<y:LabelModel>
              <y:SmartNodeLabelModel distance="4.0"/>
            </y:LabelModel>
            <y:ModelParameter>
              <y:SmartNodeLabelModelParameter labelRatioX="0.0" labelRatioY="0.0" nodeRatioX="0.0" nodeRatioY="-0.03703090122767855" offsetX="0.0" offsetY="0.0" upX="0.0" upY="-1.0"/>
            </y:ModelParameter>
          </y:NodeLabel>
          <y:UML clipContent="true" constraint="" omitDetails="false" stereotype="" use3DEffect="true">
            <y:AttributeLabel>-id: String
-position: Point
-images: List&lt;PImage&gt;
-imageIndex: int
-actionPeriod: int
+VEIN_KEY: String
-VEIN_NUM_PROPERTIES: int
-VEIN_ID: int
-VEIN_COL: int
-VEIN_ROW: int
-VEIN_ACTION_PERIOD: int
-rand: Random</y:AttributeLabel>
            <y:MethodLabel>+getCurrentImage(): PImage
+nextImage()
+position(): Point
+setPosition()
+createActivityAction(): Action
+executeActivity()
+scheduleActions() 
+parse(): boolean  &lt;&lt;static&gt;&gt;</y:MethodLabel>
          </y:UML>
        </y:UMLClassNode>
      </data>
    </node>
    <node id="n8">
      <data key="d4"/>
      <data key="d6">
        <y:UMLClassNode>
          <y:Geometry height="355.81048119173477" width="235.46919694067077" x="3122.6867359468374" y="-657.6307364463133"/>
          <y:Fill color="#FFFF00" transparent="false"/>
          <y:BorderStyle color="#000000" type="line" width="1.0"/>
          <y:NodeLabel alignment="center" autoSizePolicy="content" fontFamily="Dialog" fontSize="13" fontStyle="bold" hasBackgroundColor="false" hasLineColor="false" height="19.1328125" horizontalTextPosition="center" iconTextGap="4" modelName="custom" textColor="#000000" verticalTextPosition="bottom" visible="true" width="62.880859375" x="86.29416878283538" y="3.0">OreBlob<y:LabelModel>
              <y:SmartNodeLabelModel distance="4.0"/>
            </y:LabelModel>
            <y:ModelParameter>
              <y:SmartNodeLabelModelParameter labelRatioX="0.0" labelRatioY="0.0" nodeRatioX="0.0" nodeRatioY="-0.03703090122767855" offsetX="0.0" offsetY="0.0" upX="0.0" upY="-1.0"/>
            </y:ModelParameter>
          </y:NodeLabel>
          <y:UML clipContent="true" constraint="" omitDetails="false" stereotype="" use3DEffect="true">
            <y:AttributeLabel>-id: String
-position: Point
-images: List&lt;PImage&gt;
-imageIndex: int
-actionPeriod: int
-animationPeriod: int
+BLOB_KEY: String
+BLOB_ID_SUFFIX: String
+BLOB_PERIOD_SCALE: int
+BLOB_ANIMATION_MIN: int
+BLOB_ANIMATION_MAX: int</y:AttributeLabel>
            <y:MethodLabel>+getCurrentImage(): PImage
+getAnimationPeriod(): int
+nextImage()
+position(): Point
+setPosition()
+createAnimationAction(): Action
+createActivityAction(): Action
+executeActivity()
+scheduleActions() 
-moveTo(): boolean
-nextPosition(): Point</y:MethodLabel>
          </y:UML>
        </y:UMLClassNode>
      </data>
    </node>
    <node id="n9">
      <data key="d4"/>
      <data key="d6">
        <y:UMLClassNode>
          <y:Geometry height="327.42178702592594" width="255.0604860643909" x="2859.9409575368204" y="-657.6307364463133"/>
          <y:Fill color="#FFFF00" transparent="false"/>
          <y:BorderStyle color="#000000" type="line" width="1.0"/>
          <y:NodeLabel alignment="center" autoSizePolicy="content" fontFamily="Dialog" fontSize="13" fontStyle="bold" hasBackgroundColor="false" hasLineColor="false" height="19.1328125" horizontalTextPosition="center" iconTextGap="4" modelName="custom" textColor="#000000" verticalTextPosition="bottom" visible="true" width="50.541015625" x="102.25973521969544" y="3.0">Quake<y:LabelModel>
              <y:SmartNodeLabelModel distance="4.0"/>
            </y:LabelModel>
            <y:ModelParameter>
              <y:SmartNodeLabelModelParameter labelRatioX="0.0" labelRatioY="0.0" nodeRatioX="0.0" nodeRatioY="-0.03703090122767855" offsetX="0.0" offsetY="0.0" upX="0.0" upY="-1.0"/>
            </y:ModelParameter>
          </y:NodeLabel>
          <y:UML clipContent="true" constraint="" omitDetails="false" stereotype="" use3DEffect="true">
            <y:AttributeLabel>-id: String
-position: Point
-images: List&lt;PImage&gt;
-imageIndex: int
-actionPeriod: int
-animationPeriod: int
+QUAKE_KEY: String
-QUAKE_ANIMATION_REPEAT_COUNT: int
+QUAKE_ID: String
+QUAKE_ACTION_PERIOD: int
+QUAKE_ANIMATION_PERIOD: int</y:AttributeLabel>
            <y:MethodLabel>+getCurrentImage(): PImage
+getAnimationPeriod(): int
+nextImage()
+position(): Point
+setPosition()
+createAnimationAction(): Action
+createActivityAction(): Action
+executeActivity()
+scheduleActions() </y:MethodLabel>
          </y:UML>
        </y:UMLClassNode>
      </data>
    </node>
    <node id="n10">
      <data key="d4"/>
      <data key="d6">
        <y:UMLClassNode>
          <y:Geometry height="368.03572745168697" width="220.39897453780844" x="2631.8566906533856" y="-655.0098454148738"/>
          <y:Fill color="#FFFF00" transparent="false"/>
          <y:BorderStyle color="#000000" type="line" width="1.0"/>
          <y:NodeLabel alignment="center" autoSizePolicy="content" fontFamily="Dialog" fontSize="13" fontStyle="bold" hasBackgroundColor="false" hasLineColor="false" height="19.1328125" horizontalTextPosition="center" iconTextGap="4" modelName="custom" textColor="#000000" verticalTextPosition="bottom" visible="true" width="30.279296875" x="95.05983883140422" y="3.0">Ore<y:LabelModel>
              <y:SmartNodeLabelModel distance="4.0"/>
            </y:LabelModel>
            <y:ModelParameter>
              <y:SmartNodeLabelModelParameter labelRatioX="0.0" labelRatioY="0.0" nodeRatioX="0.0" nodeRatioY="-0.03703090122767855" offsetX="0.0" offsetY="0.0" upX="0.0" upY="-1.0"/>
            </y:ModelParameter>
          </y:NodeLabel>
          <y:UML clipContent="true" constraint="" omitDetails="false" stereotype="" use3DEffect="true">
            <y:AttributeLabel>-id: String
-position: Point
-images: List&lt;PImage&gt;
-imageIndex: int
-actionPeriod: int
+ORE_ID_PREFIX: String
+ORE_CURRUPT_MIN: int
+ORE_CURRUPT_MAX: int
+ORE_KEY: String
-ORE_NUM_PROPERTIES: int
-ORE_ID: int
-ORE_COL: int
-ORE_ROW: int
-ORE_ACTION_PERIOD: int
-rand: Random</y:AttributeLabel>
            <y:MethodLabel>+getCurrentImage(): PImage
+nextImage()
+position(): Point
+setPosition()
+createActivityAction(): Action
+executeActivity()
+scheduleActions() 
+parse(): boolean  &lt;&lt;static&gt;&gt;</y:MethodLabel>
          </y:UML>
        </y:UMLClassNode>
      </data>
    </node>
    <node id="n11">
      <data key="d4"/>
      <data key="d6">
        <y:UMLClassNode>
          <y:Geometry height="227.22236627699772" width="208.34279661551858" x="2199.8005127310958" y="-657.6307364463133"/>
          <y:Fill color="#FFFF00" transparent="false"/>
          <y:BorderStyle color="#000000" type="line" width="1.0"/>
          <y:NodeLabel alignment="center" autoSizePolicy="content" fontFamily="Dialog" fontSize="13" fontStyle="bold" hasBackgroundColor="false" hasLineColor="false" height="19.1328125" horizontalTextPosition="center" iconTextGap="4" modelName="custom" textColor="#000000" verticalTextPosition="bottom" visible="true" width="68.060546875" x="70.14112487025929" y="3.0">Obstacle<y:LabelModel>
              <y:SmartNodeLabelModel distance="4.0"/>
            </y:LabelModel>
            <y:ModelParameter>
              <y:SmartNodeLabelModelParameter labelRatioX="0.0" labelRatioY="0.0" nodeRatioX="0.0" nodeRatioY="-0.03703090122767855" offsetX="0.0" offsetY="0.0" upX="0.0" upY="-1.0"/>
            </y:ModelParameter>
          </y:NodeLabel>
          <y:UML clipContent="true" constraint="" omitDetails="false" stereotype="" use3DEffect="true">
            <y:AttributeLabel>-id: String
-position: Point
-images: List&lt;PImage&gt;
-imageIndex: int
+OBSTACLE_KEY: String
-OBSTACLE_NUM_PROPERTIES: int
-OBSTACLE_ID: int
-OBSTACLE_COL: int
-OBSTACLE_ROW: int</y:AttributeLabel>
            <y:MethodLabel>+getCurrentImage(): PImage
+position(): Point
+setPosition()
+parse(): boolean  &lt;&lt;static&gt;&gt;</y:MethodLabel>
          </y:UML>
        </y:UMLClassNode>
      </data>
    </node>
    <node id="n12">
      <data key="d4"/>
      <data key="d6">
        <y:UMLClassNode>
          <y:Geometry height="114.13791444683488" width="208.34279661551858" x="1982.969484016519" y="-897.0689572234174"/>
          <y:Fill color="#FFFF00" transparent="false"/>
          <y:BorderStyle color="#000000" type="line" width="1.0"/>
          <y:NodeLabel alignment="center" autoSizePolicy="content" fontFamily="Dialog" fontSize="13" fontStyle="bold" hasBackgroundColor="false" hasLineColor="false" height="19.1328125" horizontalTextPosition="center" iconTextGap="4" modelName="custom" textColor="#000000" verticalTextPosition="bottom" visible="true" width="78.94677734375" x="64.69800963588429" y="3.0">Animation<y:LabelModel>
              <y:SmartNodeLabelModel distance="4.0"/>
            </y:LabelModel>
            <y:ModelParameter>
              <y:SmartNodeLabelModelParameter labelRatioX="0.0" labelRatioY="0.0" nodeRatioX="0.0" nodeRatioY="-0.03703090122767855" offsetX="0.0" offsetY="0.0" upX="0.0" upY="-1.0"/>
            </y:ModelParameter>
          </y:NodeLabel>
          <y:UML clipContent="true" constraint="" omitDetails="false" stereotype="" use3DEffect="true">
            <y:AttributeLabel>-entity: Animated
-world: WorldModel
-imageStore: ImageStore
-repeatCount: int</y:AttributeLabel>
            <y:MethodLabel>+executeAction():</y:MethodLabel>
          </y:UML>
        </y:UMLClassNode>
      </data>
    </node>
    <node id="n13">
      <data key="d4"/>
      <data key="d6">
        <y:UMLClassNode>
          <y:Geometry height="114.13791444683488" width="208.34279661551858" x="2205.82860169224" y="-897.0689572234174"/>
          <y:Fill color="#FFFF00" transparent="false"/>
          <y:BorderStyle color="#000000" type="line" width="1.0"/>
          <y:NodeLabel alignment="center" autoSizePolicy="content" fontFamily="Dialog" fontSize="13" fontStyle="bold" hasBackgroundColor="false" hasLineColor="false" height="19.1328125" horizontalTextPosition="center" iconTextGap="4" modelName="custom" textColor="#000000" verticalTextPosition="bottom" visible="true" width="60.05615234375" x="74.14332213588429" y="3.0">Activity<y:LabelModel>
              <y:SmartNodeLabelModel distance="4.0"/>
            </y:LabelModel>
            <y:ModelParameter>
              <y:SmartNodeLabelModelParameter labelRatioX="0.0" labelRatioY="0.0" nodeRatioX="0.0" nodeRatioY="-0.03703090122767855" offsetX="0.0" offsetY="0.0" upX="0.0" upY="-1.0"/>
            </y:ModelParameter>
          </y:NodeLabel>
          <y:UML clipContent="true" constraint="" omitDetails="false" stereotype="" use3DEffect="true">
            <y:AttributeLabel>-entity: Active
-world: WorldModel
-imageStore: ImageStore
-repeatCount: int</y:AttributeLabel>
            <y:MethodLabel>+executeAction():</y:MethodLabel>
          </y:UML>
        </y:UMLClassNode>
      </data>
    </node>
    <node id="n14">
      <data key="d4"/>
      <data key="d6">
        <y:UMLClassNode>
          <y:Geometry height="26.274917862573943" width="365.0" x="2685.4710919294" y="-1285.4496753617143"/>
          <y:Fill color="#FAEE00" transparent="false"/>
          <y:BorderStyle color="#000000" type="line" width="1.0"/>
          <y:NodeLabel alignment="center" autoSizePolicy="content" fontFamily="Dialog" fontSize="13" fontStyle="bold" hasBackgroundColor="false" hasLineColor="false" height="19.1328125" horizontalTextPosition="center" iconTextGap="4" modelName="custom" textColor="#000000" verticalTextPosition="bottom" visible="true" width="75.6904296875" x="144.65478515625" y="3.0">Functions<y:LabelModel>
              <y:SmartNodeLabelModel distance="4.0"/>
            </y:LabelModel>
            <y:ModelParameter>
              <y:SmartNodeLabelModelParameter labelRatioX="0.0" labelRatioY="0.0" nodeRatioX="0.0" nodeRatioY="-0.03703090122767855" offsetX="0.0" offsetY="0.0" upX="0.0" upY="-1.0"/>
            </y:ModelParameter>
          </y:NodeLabel>
          <y:UML clipContent="true" constraint="" omitDetails="false" stereotype="" use3DEffect="true">
            <y:AttributeLabel/>
            <y:MethodLabel/>
          </y:UML>
        </y:UMLClassNode>
      </data>
    </node>
    <node id="n15">
      <data key="d4"/>
      <data key="d6">
        <y:UMLClassNode>
          <y:Geometry height="183.46093749999994" width="191.22818245842512" x="2514.3859087707874" y="-1174.833646804625"/>
          <y:Fill color="#FF0000" transparent="false"/>
          <y:BorderStyle color="#000000" type="line" width="1.0"/>
          <y:NodeLabel alignment="center" autoSizePolicy="content" fontFamily="Dialog" fontSize="13" fontStyle="bold" hasBackgroundColor="false" hasLineColor="false" height="19.1328125" horizontalTextPosition="center" iconTextGap="4" modelName="custom" textColor="#000000" verticalTextPosition="bottom" visible="true" width="91.49609375" x="49.86604435421256" y="3.0">Background<y:LabelModel>
              <y:SmartNodeLabelModel distance="4.0"/>
            </y:LabelModel>
            <y:ModelParameter>
              <y:SmartNodeLabelModelParameter labelRatioX="0.0" labelRatioY="0.0" nodeRatioX="0.0" nodeRatioY="-0.03703090122767855" offsetX="0.0" offsetY="0.0" upX="0.0" upY="-1.0"/>
            </y:ModelParameter>
          </y:NodeLabel>
          <y:UML clipContent="true" constraint="" omitDetails="false" stereotype="" use3DEffect="true">
            <y:AttributeLabel>-id: String
-images: List&lt;PImage&gt;
-imageIndex: int
+BGND_KEY: String
-BGND_NUM_PROPERTIES: int
-BGND_ID: int
-BGND_COL: int
-BGND_ROW: int</y:AttributeLabel>
            <y:MethodLabel>+getCurrentImage(): PImage
+parse(): boolean</y:MethodLabel>
          </y:UML>
        </y:UMLClassNode>
      </data>
    </node>
    <node id="n16">
      <data key="d4"/>
      <data key="d6">
        <y:UMLClassNode>
          <y:Geometry height="183.4609375" width="140.52679580264018" x="2072.544235546288" y="-1425.15598306672"/>
          <y:Fill color="#B1D95B" transparent="false"/>
          <y:BorderStyle color="#000000" type="line" width="1.0"/>
          <y:NodeLabel alignment="center" autoSizePolicy="content" fontFamily="Dialog" fontSize="13" fontStyle="bold" hasBackgroundColor="false" hasLineColor="false" height="19.1328125" horizontalTextPosition="center" iconTextGap="4" modelName="custom" textColor="#000000" verticalTextPosition="bottom" visible="true" width="82.787109375" x="28.86984321382009" y="3.0">WorldView<y:LabelModel>
              <y:SmartNodeLabelModel distance="4.0"/>
            </y:LabelModel>
            <y:ModelParameter>
              <y:SmartNodeLabelModelParameter labelRatioX="0.0" labelRatioY="0.0" nodeRatioX="0.0" nodeRatioY="-0.03703090122767855" offsetX="0.0" offsetY="0.0" upX="0.0" upY="-1.0"/>
            </y:ModelParameter>
          </y:NodeLabel>
          <y:UML clipContent="true" constraint="" omitDetails="false" stereotype="" use3DEffect="true">
            <y:AttributeLabel>-screen: PApplet
-world: WorldModel
-tileWidth: int
-tileHeight: int
-viewport: Viewport</y:AttributeLabel>
            <y:MethodLabel>+shiftView()                           
+drawBackground()                    
+drawEntities()                       
+drawViewport()                           
-clamp(): int</y:MethodLabel>
          </y:UML>
        </y:UMLClassNode>
      </data>
    </node>
    <node id="n17">
      <data key="d4"/>
      <data key="d6">
        <y:UMLClassNode>
          <y:Geometry height="135.2362258108417" width="175.18830732922237" x="3062.405846335389" y="-1126.6089351154667"/>
          <y:Fill color="#009EFF" transparent="false"/>
          <y:BorderStyle color="#000000" type="line" width="1.0"/>
          <y:NodeLabel alignment="center" autoSizePolicy="content" fontFamily="Dialog" fontSize="13" fontStyle="bold" hasBackgroundColor="false" hasLineColor="false" height="19.1328125" horizontalTextPosition="center" iconTextGap="4" modelName="custom" textColor="#000000" verticalTextPosition="bottom" visible="true" width="45.640625" x="64.77384116461118" y="3.0">Event<y:LabelModel>
              <y:SmartNodeLabelModel distance="4.0"/>
            </y:LabelModel>
            <y:ModelParameter>
              <y:SmartNodeLabelModelParameter labelRatioX="0.0" labelRatioY="0.0" nodeRatioX="0.0" nodeRatioY="-0.03703090122767855" offsetX="0.0" offsetY="0.0" upX="0.0" upY="-1.0"/>
            </y:ModelParameter>
          </y:NodeLabel>
          <y:UML clipContent="true" constraint="" omitDetails="false" stereotype="" use3DEffect="true">
            <y:AttributeLabel>-action: Action
-time: long
-entity: Entity</y:AttributeLabel>
            <y:MethodLabel>+action(): Action
+time(): long
+entity(): Entity</y:MethodLabel>
          </y:UML>
        </y:UMLClassNode>
      </data>
    </node>
    <node id="n18">
      <data key="d4"/>
      <data key="d6">
        <y:UMLClassNode>
          <y:Geometry height="146.38909127738737" width="283.0626956996798" x="3259.4954047820506" y="-1137.7618005820123"/>
          <y:Fill color="#B300C2" transparent="false"/>
          <y:BorderStyle color="#000000" type="line" width="1.0"/>
          <y:NodeLabel alignment="center" autoSizePolicy="content" fontFamily="Dialog" fontSize="13" fontStyle="bold" hasBackgroundColor="false" hasLineColor="false" height="19.1328125" horizontalTextPosition="center" iconTextGap="4" modelName="custom" textColor="#000000" verticalTextPosition="bottom" visible="true" width="119.02587890625" x="82.0184083967149" y="3.0">EventScheduler<y:LabelModel>
              <y:SmartNodeLabelModel distance="4.0"/>
            </y:LabelModel>
            <y:ModelParameter>
              <y:SmartNodeLabelModelParameter labelRatioX="0.0" labelRatioY="0.0" nodeRatioX="0.0" nodeRatioY="-0.03703090122767855" offsetX="0.0" offsetY="0.0" upX="0.0" upY="-1.0"/>
            </y:ModelParameter>
          </y:NodeLabel>
          <y:UML clipContent="true" constraint="" omitDetails="false" stereotype="" use3DEffect="true">
            <y:AttributeLabel>-eventQueue: PriorityQueue&lt;Event&gt;
-pendingEvents: Map&lt;Entity, List&lt;Event&gt;&gt;
-timeScale: double</y:AttributeLabel>
            <y:MethodLabel>+scheduleEvent:
+unscheduleAllEvents:
+removePendingEvent:
+updateOnTime:</y:MethodLabel>
          </y:UML>
        </y:UMLClassNode>
      </data>
    </node>
    <node id="n19">
      <data key="d4"/>
      <data key="d6">
        <y:UMLClassNode>
          <y:Geometry height="135.0" width="234.91152890742498" x="2072.544235546288" y="-1222.0304800289389"/>
          <y:Fill color="#2B4BFA" transparent="false"/>
          <y:BorderStyle color="#000000" type="line" width="1.0"/>
          <y:NodeLabel alignment="center" autoSizePolicy="content" fontFamily="Dialog" fontSize="13" fontStyle="bold" hasBackgroundColor="false" hasLineColor="false" height="19.1328125" horizontalTextPosition="center" iconTextGap="4" modelName="custom" textColor="#000000" verticalTextPosition="bottom" visible="true" width="42.38427734375" x="96.26362578183749" y="3.0">Point<y:LabelModel>
              <y:SmartNodeLabelModel distance="4.0"/>
            </y:LabelModel>
            <y:ModelParameter>
              <y:SmartNodeLabelModelParameter labelRatioX="0.0" labelRatioY="0.0" nodeRatioX="0.0" nodeRatioY="-0.03703090122767855" offsetX="0.0" offsetY="0.0" upX="0.0" upY="-1.0"/>
            </y:ModelParameter>
          </y:NodeLabel>
          <y:UML clipContent="true" constraint="" omitDetails="false" stereotype="" use3DEffect="true">
            <y:AttributeLabel>+x: int
+y: int</y:AttributeLabel>
            <y:MethodLabel>+toString(): String
+equals(): boolean
+adjacent(): boolean
+distanceSquared(): int</y:MethodLabel>
          </y:UML>
        </y:UMLClassNode>
      </data>
    </node>
    <node id="n20">
      <data key="d4"/>
      <data key="d6">
        <y:UMLClassNode>
          <y:Geometry height="72.56582238367344" width="175.18830732922243" x="3062.405846335389" y="-1229.1747574991402"/>
          <y:Fill color="#1B8C48" transparent="false"/>
          <y:BorderStyle color="#000000" type="line" width="1.0"/>
          <y:NodeLabel alignment="center" autoSizePolicy="content" fontFamily="Dialog" fontSize="13" fontStyle="bold" hasBackgroundColor="false" hasLineColor="false" height="19.1328125" horizontalTextPosition="center" iconTextGap="4" modelName="custom" textColor="#000000" verticalTextPosition="bottom" visible="true" width="132.4765625" x="21.355872414611213" y="3.0">EventComparator<y:LabelModel>
              <y:SmartNodeLabelModel distance="4.0"/>
            </y:LabelModel>
            <y:ModelParameter>
              <y:SmartNodeLabelModelParameter labelRatioX="0.0" labelRatioY="0.0" nodeRatioX="0.0" nodeRatioY="-0.03703090122767855" offsetX="0.0" offsetY="0.0" upX="0.0" upY="-1.0"/>
            </y:ModelParameter>
          </y:NodeLabel>
          <y:UML clipContent="true" constraint="" omitDetails="false" stereotype="" use3DEffect="true">
            <y:AttributeLabel/>
            <y:MethodLabel>+compare(): int</y:MethodLabel>
          </y:UML>
        </y:UMLClassNode>
      </data>
    </node>
    <node id="n21">
      <data key="d4"/>
      <data key="d6">
        <y:UMLClassNode>
          <y:Geometry height="97.38240265558198" width="274.96394681711905" x="3267.5941536646114" y="-1253.9913377710486"/>
          <y:Fill color="#FF6405" transparent="false"/>
          <y:BorderStyle color="#000000" type="line" width="1.0"/>
          <y:NodeLabel alignment="center" autoSizePolicy="content" fontFamily="Dialog" fontSize="13" fontStyle="bold" hasBackgroundColor="false" hasLineColor="false" height="19.1328125" horizontalTextPosition="center" iconTextGap="4" modelName="custom" textColor="#000000" verticalTextPosition="bottom" visible="true" width="89.01416015625" x="92.97489333043453" y="3.0">ImageStore<y:LabelModel>
              <y:SmartNodeLabelModel distance="4.0"/>
            </y:LabelModel>
            <y:ModelParameter>
              <y:SmartNodeLabelModelParameter labelRatioX="0.0" labelRatioY="0.0" nodeRatioX="0.0" nodeRatioY="-0.03703090122767855" offsetX="0.0" offsetY="0.0" upX="0.0" upY="-1.0"/>
            </y:ModelParameter>
          </y:NodeLabel>
          <y:UML clipContent="true" constraint="" omitDetails="false" stereotype="" use3DEffect="true">
            <y:AttributeLabel>-images: Map&lt;String, List&lt;PImage&gt;&gt;
-defaultImages: List&lt;PImage&gt;</y:AttributeLabel>
            <y:MethodLabel>+getImageList(): List&lt;PImage&gt;
+images(): Map&lt;String, List&lt;PImage&gt;&gt;</y:MethodLabel>
          </y:UML>
        </y:UMLClassNode>
      </data>
    </node>
    <node id="n22">
      <data key="d4"/>
      <data key="d6">
        <y:UMLClassNode>
          <y:Geometry height="218.6013823057242" width="178.20235180979478" x="2319.6841792262567" y="-1209.9740916103492"/>
          <y:Fill color="#33CCCC" transparent="false"/>
          <y:BorderStyle color="#000000" type="line" width="1.0"/>
          <y:NodeLabel alignment="center" autoSizePolicy="content" fontFamily="Dialog" fontSize="13" fontStyle="bold" hasBackgroundColor="false" hasLineColor="false" height="19.1328125" horizontalTextPosition="center" iconTextGap="4" modelName="custom" textColor="#000000" verticalTextPosition="bottom" visible="true" width="70.2060546875" x="53.99814856114739" y="3.0">Viewport<y:LabelModel>
              <y:SmartNodeLabelModel distance="4.0"/>
            </y:LabelModel>
            <y:ModelParameter>
              <y:SmartNodeLabelModelParameter labelRatioX="0.0" labelRatioY="0.0" nodeRatioX="0.0" nodeRatioY="-0.03703090122767855" offsetX="0.0" offsetY="0.0" upX="0.0" upY="-1.0"/>
            </y:ModelParameter>
          </y:NodeLabel>
          <y:UML clipContent="true" constraint="" omitDetails="false" stereotype="" use3DEffect="true">
            <y:AttributeLabel>-row: int
-col: int
-numRows: int
-numCols: int</y:AttributeLabel>
            <y:MethodLabel>+shift():
+contains(): boolean
+viewportToWorld(): Point
+worldToViewport(): Point
+row(): int
+col(): int
+numRows(): int
+numCols(): int</y:MethodLabel>
          </y:UML>
        </y:UMLClassNode>
      </data>
    </node>
    <node id="n23">
      <data key="d4"/>
      <data key="d6">
        <y:UMLClassNode>
          <y:Geometry height="395.09661564104067" width="283.0626956996798" x="1778.46865215016" y="-1386.4693249456657"/>
          <y:Fill color="#FAAFE8" transparent="false"/>
          <y:BorderStyle color="#000000" type="line" width="1.0"/>
          <y:NodeLabel alignment="center" autoSizePolicy="content" fontFamily="Dialog" fontSize="13" fontStyle="bold" hasBackgroundColor="false" hasLineColor="false" height="19.1328125" horizontalTextPosition="center" iconTextGap="4" modelName="custom" textColor="#000000" verticalTextPosition="bottom" visible="true" width="91.8896484375" x="95.5865236310899" y="3.0">WorldModel<y:LabelModel>
              <y:SmartNodeLabelModel distance="4.0"/>
            </y:LabelModel>
            <y:ModelParameter>
              <y:SmartNodeLabelModelParameter labelRatioX="0.0" labelRatioY="0.0" nodeRatioX="0.0" nodeRatioY="-0.03703090122767855" offsetX="0.0" offsetY="0.0" upX="0.0" upY="-1.0"/>
            </y:ModelParameter>
          </y:NodeLabel>
          <y:UML clipContent="true" constraint="" omitDetails="false" stereotype="" use3DEffect="true">
            <y:AttributeLabel>-numRows: int
-numCols: int
-background: Background[][]
-occupancy: Entity[][]
-entities: Set&lt;Entity&gt;
+ORE_REACH: int</y:AttributeLabel>
            <y:MethodLabel>+findOpenAround: Optional&lt;Point&gt;
+tryAddEntity()                      
+withinBounds(): boolean       
+isOccupied(): boolean        
+findNearest(): Optional&lt;Entity&gt;   
+addEntity()                             
+moveEntity()                          
+removeEntity()                         
+removeEntityAt()                       
+getBackgroundImage(): Optional&lt;PImage&gt;    
+setBackground()                         
+getOccupant(): Optional&lt;Entity&gt;
+getOccupancyCell(): Entity  
+setOccupancyCell()               
+getBackgroundCell(): Background
+setBackgroundCell()    
+numRows(): int
+numCols(): int
+entities(): Set&lt;Entity&gt;</y:MethodLabel>
          </y:UML>
        </y:UMLClassNode>
      </data>
    </node>
    <node id="n24">
      <data key="d4"/>
      <data key="d6">
        <y:UMLClassNode>
          <y:Geometry height="718.9519867454333" width="327.6685760328669" x="3563.6837795276915" y="-1710.3246960500583"/>
          <y:Fill color="#BBB082" transparent="false"/>
          <y:BorderStyle color="#000000" type="line" width="1.0"/>
          <y:NodeLabel alignment="center" autoSizePolicy="content" fontFamily="Dialog" fontSize="13" fontStyle="bold" hasBackgroundColor="false" hasLineColor="false" height="19.1328125" horizontalTextPosition="center" iconTextGap="4" modelName="custom" textColor="#000000" verticalTextPosition="bottom" visible="true" width="97.0693359375" x="115.29962004768345" y="3.0">VirtualWorld<y:LabelModel>
              <y:SmartNodeLabelModel distance="4.0"/>
            </y:LabelModel>
            <y:ModelParameter>
              <y:SmartNodeLabelModelParameter labelRatioX="0.0" labelRatioY="0.0" nodeRatioX="0.0" nodeRatioY="-0.03703090122767855" offsetX="0.0" offsetY="0.0" upX="0.0" upY="-1.0"/>
            </y:ModelParameter>
          </y:NodeLabel>
          <y:UML clipContent="true" constraint="" omitDetails="false" stereotype="" use3DEffect="true">
            <y:AttributeLabel>-TIMER_ACTION_PERIOD: int         &lt;&lt;static&gt;&gt;
-VIEW_WIDTH: int                          &lt;&lt;static&gt;&gt;
-VIEW_HEIGHT: int                         &lt;&lt;static&gt;&gt;
-TILE_WIDTH: int                           &lt;&lt;static&gt;&gt;
-TILE_HEIGHT: int                          &lt;&lt;static&gt;&gt;
-WORLD_WIDTH_SCALE: int           &lt;&lt;static&gt;&gt;
-WORLD_HEIGHT_SCALE: int          &lt;&lt;static&gt;&gt;
-VIEW_COLS: int                             &lt;&lt;static&gt;&gt;
-VIEW_ROWS: int                            &lt;&lt;static&gt;&gt;
-WORLD_COLS: int                         &lt;&lt;static&gt;&gt;
-WORLD_ROWS: int                        &lt;&lt;static&gt;&gt;
-IMAGE_LIST_FILE_NAME: String    &lt;&lt;static&gt;&gt;
-DEFAULT_IMAGE_NAME: String    &lt;&lt;static&gt;&gt;
-DEFAULT_IMAGE_COLOR: int       &lt;&lt;static&gt;&gt;
-LOAD_FILE_NAME: String            &lt;&lt;static&gt;&gt;
-FAST_FLAG: String                      &lt;&lt;static&gt;&gt;
-FASTER_FLAG: String                  &lt;&lt;static&gt;&gt;
-FASTEST_FLAG: String                &lt;&lt;static&gt;&gt;
-FAST_SCALE: double                  &lt;&lt;static&gt;&gt;
-FASTER_SCALE: double              &lt;&lt;static&gt;&gt;
-FASTEST_SCALE: double            &lt;&lt;static&gt;&gt;
-COLOR_MASK: int                             &lt;&lt;static&gt;&gt;
-KEYED_IMAGE_MIN: int                        &lt;&lt;static&gt;&gt;
-KEYED_RED_IDX: int                        &lt;&lt;static&gt;&gt;
-KEYED_GREEN_IDX: int                        &lt;&lt;static&gt;&gt;
-KEYED_BLUE_IDX: int                        &lt;&lt;static&gt;&gt;
-PROPERTY_KEY: int                           &lt;&lt;static&gt;&gt;
-timeScale: double
-imageStore: ImageStore
-world: WorldModel
-view: WorldView
-scheduler: EventScheduler</y:AttributeLabel>
            <y:MethodLabel>+settings()
+setup()
+draw()
+keyPressed()
-createDefaultBackground()         &lt;&lt;static&gt;&gt;
-createImageColored()                 &lt;&lt;static&gt;&gt;
-loadWorld()                                 &lt;&lt;static&gt;&gt;
-scheduleActions()                       &lt;&lt;static&gt;&gt;
-parseCommandLine()                  &lt;&lt;static&gt;&gt;
-loadImages()                                &lt;&lt;static&gt;&gt;
-processImageLine()                          &lt;&lt;static&gt;&gt;
-getImages(): List&lt;PImage&gt;                   &lt;&lt;static&gt;&gt;
-setAlpha()                                  &lt;&lt;static&gt;&gt;
-load()                                      &lt;&lt;static&gt;&gt;
-processLine(): boolean                      &lt;&lt;static&gt;&gt;
+main()                                         &lt;&lt;static&gt;&gt;</y:MethodLabel>
          </y:UML>
        </y:UMLClassNode>
      </data>
    </node>
    <node id="n25">
      <data key="d4"/>
      <data key="d6">
        <y:UMLClassNode>
          <y:Geometry height="124.97662985557068" width="230.60054127648004" x="2764.69972936176" y="-932.4883149277854"/>
          <y:Fill color="#99CC00" transparent="false"/>
          <y:BorderStyle color="#000000" type="line" width="1.0"/>
          <y:NodeLabel alignment="center" autoSizePolicy="content" fontFamily="Dialog" fontSize="13" fontStyle="bold" hasBackgroundColor="false" hasLineColor="false" height="19.1328125" horizontalTextPosition="center" iconTextGap="4" modelName="custom" textColor="#000000" verticalTextPosition="bottom" visible="true" width="49.728515625" x="90.43601282574002" y="25.96875">Active
<y:LabelModel>
              <y:SmartNodeLabelModel distance="4.0"/>
            </y:LabelModel>
            <y:ModelParameter>
              <y:SmartNodeLabelModelParameter labelRatioX="0.0" labelRatioY="0.0" nodeRatioX="0.0" nodeRatioY="-0.03703090122767855" offsetX="0.0" offsetY="0.0" upX="0.0" upY="-1.0"/>
            </y:ModelParameter>
          </y:NodeLabel>
          <y:UML clipContent="true" constraint="" omitDetails="false" stereotype="Interface" use3DEffect="true">
            <y:AttributeLabel/>
            <y:MethodLabel>+nextImage()
+createActivityAction(): Action
+executeActivity()
+scheduleActions() </y:MethodLabel>
          </y:UML>
        </y:UMLClassNode>
      </data>
    </node>
    <node id="n26">
      <data key="d4"/>
      <data key="d6">
        <y:UMLClassNode>
          <y:Geometry height="97.38240265558196" width="230.60054127648004" x="3012.3430970509085" y="-873.1929242032601"/>
          <y:Fill color="#CC99FF" transparent="false"/>
          <y:BorderStyle color="#000000" type="line" width="1.0"/>
          <y:NodeLabel alignment="center" autoSizePolicy="content" fontFamily="Dialog" fontSize="13" fontStyle="bold" hasBackgroundColor="false" hasLineColor="false" height="19.1328125" horizontalTextPosition="center" iconTextGap="4" modelName="custom" textColor="#000000" verticalTextPosition="bottom" visible="true" width="74.42724609375" x="78.08664759136502" y="25.96875">Animated<y:LabelModel>
              <y:SmartNodeLabelModel distance="4.0"/>
            </y:LabelModel>
            <y:ModelParameter>
              <y:SmartNodeLabelModelParameter labelRatioX="0.0" labelRatioY="0.0" nodeRatioX="0.0" nodeRatioY="-0.03703090122767855" offsetX="0.0" offsetY="0.0" upX="0.0" upY="-1.0"/>
            </y:ModelParameter>
          </y:NodeLabel>
          <y:UML clipContent="true" constraint="" omitDetails="false" stereotype="Interface" use3DEffect="true">
            <y:AttributeLabel/>
            <y:MethodLabel>+getAnimationPeriod: int
+createAnimationAction(): Action</y:MethodLabel>
          </y:UML>
        </y:UMLClassNode>
      </data>
    </node>
    <node id="n27">
      <data key="d4"/>
      <data key="d6">
        <y:UMLClassNode>
          <y:Geometry height="205.3828497736745" width="230.60054127648004" x="3514.69972936176" y="-897.5760257815164"/>
          <y:Fill color="#00FF00" transparent="false"/>
          <y:BorderStyle color="#000000" type="line" width="1.0"/>
          <y:NodeLabel alignment="center" autoSizePolicy="content" fontFamily="Dialog" fontSize="13" fontStyle="bold" hasBackgroundColor="false" hasLineColor="false" height="19.1328125" horizontalTextPosition="center" iconTextGap="4" modelName="custom" textColor="#000000" verticalTextPosition="bottom" visible="true" width="45.87548828125" x="92.36252649761502" y="25.96875">Miner<y:LabelModel>
              <y:SmartNodeLabelModel distance="4.0"/>
            </y:LabelModel>
            <y:ModelParameter>
              <y:SmartNodeLabelModelParameter labelRatioX="0.0" labelRatioY="0.0" nodeRatioX="0.0" nodeRatioY="-0.03703090122767855" offsetX="0.0" offsetY="0.0" upX="0.0" upY="-1.0"/>
            </y:ModelParameter>
          </y:NodeLabel>
          <y:UML clipContent="true" constraint="" omitDetails="false" stereotype="Interface" use3DEffect="true">
            <y:AttributeLabel>+MINER_KEY: String
+MINER_NUM_PROPERTIES: int
+MINER_ID: int
+MINER_COL: int
+MINER_ROW: int
+MINER_LIMIT: int
+MINER_ACTION_PERIOD: int
+MINER_ANIMATION_PERIOD: int</y:AttributeLabel>
            <y:MethodLabel>+transform()
+parse(): boolean  &lt;&lt;static&gt;&gt;</y:MethodLabel>
          </y:UML>
        </y:UMLClassNode>
      </data>
    </node>
    <node id="n28">
      <data key="d4"/>
      <data key="d6">
        <y:UMLClassNode>
          <y:Geometry height="97.38240265558196" width="230.60054127648004" x="3259.986464740057" y="-843.5758022224701"/>
          <y:Fill color="#FF99CC" transparent="false"/>
          <y:BorderStyle color="#000000" type="line" width="1.0"/>
          <y:NodeLabel alignment="center" autoSizePolicy="content" fontFamily="Dialog" fontSize="13" fontStyle="bold" hasBackgroundColor="false" hasLineColor="false" height="19.1328125" horizontalTextPosition="center" iconTextGap="4" modelName="custom" textColor="#000000" verticalTextPosition="bottom" visible="true" width="65.69287109375" x="82.45383509136502" y="25.96875">Movable<y:LabelModel>
              <y:SmartNodeLabelModel distance="4.0"/>
            </y:LabelModel>
            <y:ModelParameter>
              <y:SmartNodeLabelModelParameter labelRatioX="0.0" labelRatioY="0.0" nodeRatioX="0.0" nodeRatioY="-0.03703090122767855" offsetX="0.0" offsetY="0.0" upX="0.0" upY="-1.0"/>
            </y:ModelParameter>
          </y:NodeLabel>
          <y:UML clipContent="true" constraint="" omitDetails="false" stereotype="Interface" use3DEffect="true">
            <y:AttributeLabel/>
            <y:MethodLabel>+moveTo(): boolean
+nextPosition(): Point</y:MethodLabel>
          </y:UML>
        </y:UMLClassNode>
      </data>
    </node>
    <edge id="e0" source="n13" target="n0">
      <data key="d9"/>
      <data key="d10">
        <y:PolyLineEdge>
          <y:Path sx="0.0" sy="0.0" tx="0.0" ty="0.0"/>
          <y:LineStyle color="#000000" type="dashed" width="1.0"/>
          <y:Arrows source="none" target="white_delta"/>
          <y:BendStyle smoothed="false"/>
        </y:PolyLineEdge>
      </data>
    </edge>
    <edge id="e1" source="n12" target="n0">
      <data key="d9"/>
      <data key="d10">
        <y:PolyLineEdge>
          <y:Path sx="0.0" sy="0.0" tx="0.0" ty="0.0"/>
          <y:LineStyle color="#000000" type="dashed" width="1.0"/>
          <y:Arrows source="none" target="white_delta"/>
          <y:EdgeLabel alignment="center" configuration="AutoFlippingLabel" distance="2.0" fontFamily="Dialog" fontSize="12" fontStyle="plain" hasBackgroundColor="false" hasLineColor="false" hasText="false" height="4.0" horizontalTextPosition="center" iconTextGap="4" modelName="custom" preferredPlacement="anywhere" ratio="0.5" textColor="#000000" verticalTextPosition="bottom" visible="true" width="4.0" x="55.21351258959294" y="-45.62418976058666">
            <y:LabelModel>
              <y:SmartEdgeLabelModel autoRotationEnabled="false" defaultAngle="0.0" defaultDistance="10.0"/>
            </y:LabelModel>
            <y:ModelParameter>
              <y:SmartEdgeLabelModelParameter angle="0.0" distance="30.0" distanceToCenter="true" position="right" ratio="0.5" segment="0"/>
            </y:ModelParameter>
            <y:PreferredPlacementDescriptor angle="0.0" angleOffsetOnRightSide="0" angleReference="absolute" angleRotationOnRightSide="co" distance="-1.0" frozen="true" placement="anywhere" side="anywhere" sideReference="relative_to_edge_flow"/>
          </y:EdgeLabel>
          <y:BendStyle smoothed="false"/>
        </y:PolyLineEdge>
      </data>
    </edge>
    <edge id="e2" source="n25" target="n2">
      <data key="d9"/>
      <data key="d10">
        <y:PolyLineEdge>
          <y:Path sx="0.0" sy="0.0" tx="0.0" ty="0.0"/>
          <y:LineStyle color="#000000" type="line" width="1.0"/>
          <y:Arrows source="none" target="white_delta"/>
          <y:BendStyle smoothed="false"/>
        </y:PolyLineEdge>
      </data>
    </edge>
    <edge id="e3" source="n11" target="n2">
      <data key="d9"/>
      <data key="d10">
        <y:PolyLineEdge>
          <y:Path sx="0.0" sy="0.0" tx="0.0" ty="0.0"/>
          <y:LineStyle color="#000000" type="dashed" width="1.0"/>
          <y:Arrows source="none" target="white_delta"/>
          <y:BendStyle smoothed="false"/>
        </y:PolyLineEdge>
      </data>
    </edge>
    <edge id="e4" source="n4" target="n2">
      <data key="d9"/>
      <data key="d10">
        <y:PolyLineEdge>
          <y:Path sx="0.0" sy="0.0" tx="0.0" ty="0.0"/>
          <y:LineStyle color="#000000" type="dashed" width="1.0"/>
          <y:Arrows source="none" target="white_delta"/>
          <y:BendStyle smoothed="false"/>
        </y:PolyLineEdge>
      </data>
    </edge>
    <edge id="e5" source="n10" target="n25">
      <data key="d9"/>
      <data key="d10">
        <y:PolyLineEdge>
          <y:Path sx="0.0" sy="0.0" tx="0.0" ty="0.0"/>
          <y:LineStyle color="#000000" type="dashed" width="1.0"/>
          <y:Arrows source="none" target="white_delta"/>
          <y:BendStyle smoothed="false"/>
        </y:PolyLineEdge>
      </data>
    </edge>
    <edge id="e6" source="n7" target="n25">
      <data key="d9"/>
      <data key="d10">
        <y:PolyLineEdge>
          <y:Path sx="0.0" sy="0.0" tx="0.0" ty="0.0"/>
          <y:LineStyle color="#000000" type="dashed" width="1.0"/>
          <y:Arrows source="none" target="white_delta"/>
          <y:BendStyle smoothed="false"/>
        </y:PolyLineEdge>
      </data>
    </edge>
    <edge id="e7" source="n26" target="n25">
      <data key="d9"/>
      <data key="d10">
        <y:PolyLineEdge>
          <y:Path sx="0.0" sy="0.0" tx="0.0" ty="0.0"/>
          <y:LineStyle color="#000000" type="line" width="1.0"/>
          <y:Arrows source="none" target="white_delta"/>
          <y:BendStyle smoothed="false"/>
        </y:PolyLineEdge>
      </data>
    </edge>
    <edge id="e8" source="n9" target="n26">
      <data key="d9"/>
      <data key="d10">
        <y:PolyLineEdge>
          <y:Path sx="0.0" sy="0.0" tx="0.0" ty="0.0"/>
          <y:LineStyle color="#000000" type="dashed" width="1.0"/>
          <y:Arrows source="none" target="white_delta"/>
          <y:BendStyle smoothed="false"/>
        </y:PolyLineEdge>
      </data>
    </edge>
    <edge id="e9" source="n5" target="n27">
      <data key="d9"/>
      <data key="d10">
        <y:PolyLineEdge>
          <y:Path sx="0.0" sy="0.0" tx="0.0" ty="0.0"/>
          <y:LineStyle color="#000000" type="dashed" width="1.0"/>
          <y:Arrows source="none" target="white_delta"/>
          <y:BendStyle smoothed="false"/>
        </y:PolyLineEdge>
      </data>
    </edge>
    <edge id="e10" source="n6" target="n27">
      <data key="d9"/>
      <data key="d10">
        <y:PolyLineEdge>
          <y:Path sx="0.0" sy="0.0" tx="0.0" ty="0.0"/>
          <y:LineStyle color="#000000" type="dashed" width="1.0"/>
          <y:Arrows source="none" target="white_delta"/>
          <y:BendStyle smoothed="false"/>
        </y:PolyLineEdge>
      </data>
    </edge>
    <edge id="e11" source="n28" target="n26">
      <data key="d9"/>
      <data key="d10">
        <y:PolyLineEdge>
          <y:Path sx="0.0" sy="0.0" tx="0.0" ty="0.0"/>
          <y:LineStyle color="#000000" type="line" width="1.0"/>
          <y:Arrows source="none" target="white_delta"/>
          <y:BendStyle smoothed="false"/>
        </y:PolyLineEdge>
      </data>
    </edge>
    <edge id="e12" source="n27" target="n28">
      <data key="d9"/>
      <data key="d10">
        <y:PolyLineEdge>
          <y:Path sx="0.0" sy="0.0" tx="0.0" ty="0.0"/>
          <y:LineStyle color="#000000" type="line" width="1.0"/>
          <y:Arrows source="none" target="white_delta"/>
          <y:BendStyle smoothed="false"/>
        </y:PolyLineEdge>
      </data>
    </edge>
    <edge id="e13" source="n8" target="n28">
      <data key="d9"/>
      <data key="d10">
        <y:PolyLineEdge>
          <y:Path sx="0.0" sy="0.0" tx="0.0" ty="0.0"/>
          <y:LineStyle color="#000000" type="dashed" width="1.0"/>
          <y:Arrows source="none" target="white_delta"/>
          <y:BendStyle smoothed="false"/>
        </y:PolyLineEdge>
      </data>
    </edge>
  </graph>
  <data key="d7">
    <y:Resources/>
  </data>
</graphml>
