<?xml version="1.0" encoding="UTF-8" standalone="no"?>
<graphml xmlns="http://graphml.graphdrawing.org/xmlns" xmlns:java="http://www.yworks.com/xml/yfiles-common/1.0/java" xmlns:sys="http://www.yworks.com/xml/yfiles-common/markup/primitives/2.0" xmlns:x="http://www.yworks.com/xml/yfiles-common/markup/2.0" xmlns:xsi="http://www.w3.org/2001/XMLSchema-instance" xmlns:y="http://www.yworks.com/xml/graphml" xmlns:yed="http://www.yworks.com/xml/yed/3" xsi:schemaLocation="http://graphml.graphdrawing.org/xmlns http://www.yworks.com/xml/schema/graphml/1.1/ygraphml.xsd">
  <!--Created by yEd 3.17.1-->
  <key attr.name="Description" attr.type="string" for="graph" id="d0"/>
  <key for="port" id="d1" yfiles.type="portgraphics"/>
  <key for="port" id="d2" yfiles.type="portgeometry"/>
  <key for="port" id="d3" yfiles.type="portuserdata"/>
  <key attr.name="url" attr.type="string" for="node" id="d4"/>
  <key attr.name="description" attr.type="string" for="node" id="d5"/>
  <key for="node" id="d6" yfiles.type="nodegraphics"/>
  <key for="graphml" id="d7" yfiles.type="resources"/>
  <key attr.name="url" attr.type="string" for="edge" id="d8"/>
  <key attr.name="description" attr.type="string" for="edge" id="d9"/>
  <key for="edge" id="d10" yfiles.type="edgegraphics"/>
  <graph edgedefault="directed" id="G">
    <data key="d0"/>
    <node id="n0" yfiles.foldertype="group">
      <data key="d5"/>
      <data key="d6">
        <y:ProxyAutoBoundsNode>
          <y:Realizers active="0">
            <y:GroupNode>
              <y:Geometry height="155.97534723966365" width="221.22818245842518" x="356.96082991062985" y="-252.5661186055902"/>
              <y:Fill color="#F5F5F5" transparent="false"/>
              <y:BorderStyle color="#000000" type="dashed" width="1.0"/>
              <y:NodeLabel alignment="right" autoSizePolicy="node_width" backgroundColor="#BF0404" borderDistance="0.0" fontFamily="Dialog" fontSize="15" fontStyle="plain" hasLineColor="false" height="21.4609375" horizontalTextPosition="center" iconTextGap="4" modelName="internal" modelPosition="t" textColor="#000000" verticalTextPosition="bottom" visible="true" width="221.22818245842518" x="0.0" y="0.0">Component 1 (1)</y:NodeLabel>
              <y:Shape type="roundrectangle"/>
              <y:State closed="false" closedHeight="50.0" closedWidth="50.0" innerGraphDisplayEnabled="false"/>
              <y:Insets bottom="15" bottomF="15.0" left="15" leftF="15.0" right="15" rightF="15.0" top="15" topF="15.0"/>
              <y:BorderInsets bottom="7" bottomF="7.132007084081664" left="0" leftF="0.0" right="0" rightF="0.0" top="0" topF="0.0"/>
            </y:GroupNode>
            <y:GroupNode>
              <y:Geometry height="50.0" width="50.0" x="132.46153495046258" y="-236.57973009923467"/>
              <y:Fill color="#F5F5F5" transparent="false"/>
              <y:BorderStyle color="#000000" type="dashed" width="1.0"/>
              <y:NodeLabel alignment="right" autoSizePolicy="node_width" backgroundColor="#BF0404" borderDistance="0.0" fontFamily="Dialog" fontSize="15" fontStyle="plain" hasLineColor="false" height="21.4609375" horizontalTextPosition="center" iconTextGap="4" modelName="internal" modelPosition="t" textColor="#000000" verticalTextPosition="bottom" visible="true" width="131.412109375" x="-40.7060546875" y="0.0">Component 1 (1)</y:NodeLabel>
              <y:Shape type="roundrectangle"/>
              <y:State closed="true" closedHeight="50.0" closedWidth="50.0" innerGraphDisplayEnabled="false"/>
              <y:Insets bottom="5" bottomF="5.0" left="5" leftF="5.0" right="5" rightF="5.0" top="5" topF="5.0"/>
              <y:BorderInsets bottom="0" bottomF="0.0" left="0" leftF="0.0" right="0" rightF="0.0" top="0" topF="0.0"/>
            </y:GroupNode>
          </y:Realizers>
        </y:ProxyAutoBoundsNode>
      </data>
      <graph edgedefault="directed" id="n0:">
        <node id="n0::n0">
          <data key="d4"/>
          <data key="d6">
            <y:UMLClassNode>
              <y:Geometry height="97.38240265558198" width="191.22818245842512" x="371.96082991062985" y="-216.1051811055902"/>
              <y:Fill color="#BF0404" transparent="false"/>
              <y:BorderStyle color="#000000" type="line" width="1.0"/>
              <y:NodeLabel alignment="center" autoSizePolicy="content" fontFamily="Dialog" fontSize="13" fontStyle="bold" hasBackgroundColor="false" hasLineColor="false" height="19.1328125" horizontalTextPosition="center" iconTextGap="4" modelName="custom" textColor="#000000" verticalTextPosition="bottom" visible="true" width="91.49609375" x="49.86604435421256" y="3.0">Background<y:LabelModel>
                  <y:SmartNodeLabelModel distance="4.0"/>
                </y:LabelModel>
                <y:ModelParameter>
                  <y:SmartNodeLabelModelParameter labelRatioX="0.0" labelRatioY="0.0" nodeRatioX="0.0" nodeRatioY="-0.03703090122767855" offsetX="0.0" offsetY="0.0" upX="0.0" upY="-1.0"/>
                </y:ModelParameter>
              </y:NodeLabel>
              <y:UML clipContent="true" constraint="" omitDetails="false" stereotype="" use3DEffect="true">
                <y:AttributeLabel>+id: String
+images: List&lt;PImage&gt;
+imageIndex: int</y:AttributeLabel>
                <y:MethodLabel/>
              </y:UML>
            </y:UMLClassNode>
          </data>
        </node>
      </graph>
    </node>
    <node id="n1" yfiles.foldertype="group">
      <data key="d5"/>
      <data key="d6">
        <y:ProxyAutoBoundsNode>
          <y:Realizers active="0">
            <y:GroupNode>
              <y:Geometry height="239.92187500000009" width="205.1883073292223" x="377.3116926707777" y="-96.59077136592654"/>
              <y:Fill color="#F5F5F5" transparent="false"/>
              <y:BorderStyle color="#000000" type="dashed" width="1.0"/>
              <y:NodeLabel alignment="right" autoSizePolicy="node_width" backgroundColor="#009EFF" borderDistance="0.0" fontFamily="Dialog" fontSize="15" fontStyle="plain" hasLineColor="false" height="21.4609375" horizontalTextPosition="center" iconTextGap="4" modelName="internal" modelPosition="t" textColor="#000000" verticalTextPosition="bottom" visible="true" width="205.1883073292223" x="0.0" y="0.0">Component 2 (1)</y:NodeLabel>
              <y:Shape type="roundrectangle"/>
              <y:State closed="false" closedHeight="50.0" closedWidth="50.0" innerGraphDisplayEnabled="false"/>
              <y:Insets bottom="15" bottomF="15.0" left="15" leftF="15.0" right="15" rightF="15.0" top="15" topF="15.0"/>
              <y:BorderInsets bottom="5" bottomF="5.000000000000085" left="0" leftF="0.0" right="0" rightF="0.0" top="0" topF="0.0"/>
            </y:GroupNode>
            <y:GroupNode>
              <y:Geometry height="50.0" width="50.0" x="132.46153495046258" y="122.81335874124767"/>
              <y:Fill color="#F5F5F5" transparent="false"/>
              <y:BorderStyle color="#000000" type="dashed" width="1.0"/>
              <y:NodeLabel alignment="right" autoSizePolicy="node_width" backgroundColor="#009EFF" borderDistance="0.0" fontFamily="Dialog" fontSize="15" fontStyle="plain" hasLineColor="false" height="21.4609375" horizontalTextPosition="center" iconTextGap="4" modelName="internal" modelPosition="t" textColor="#000000" verticalTextPosition="bottom" visible="true" width="131.412109375" x="-40.7060546875" y="0.0">Component 2 (1)</y:NodeLabel>
              <y:Shape type="roundrectangle"/>
              <y:State closed="true" closedHeight="50.0" closedWidth="50.0" innerGraphDisplayEnabled="false"/>
              <y:Insets bottom="5" bottomF="5.0" left="5" leftF="5.0" right="5" rightF="5.0" top="5" topF="5.0"/>
              <y:BorderInsets bottom="0" bottomF="0.0" left="0" leftF="0.0" right="0" rightF="0.0" top="0" topF="0.0"/>
            </y:GroupNode>
          </y:Realizers>
        </y:ProxyAutoBoundsNode>
      </data>
      <graph edgedefault="directed" id="n1:">
        <node id="n1::n0">
          <data key="d4"/>
          <data key="d6">
            <y:UMLClassNode>
              <y:Geometry height="183.4609375" width="175.18830732922237" x="392.3116926707777" y="-60.12983386592654"/>
              <y:Fill color="#009EFF" transparent="false"/>
              <y:BorderStyle color="#000000" type="line" width="1.0"/>
              <y:NodeLabel alignment="center" autoSizePolicy="content" fontFamily="Dialog" fontSize="13" fontStyle="bold" hasBackgroundColor="false" hasLineColor="false" height="19.1328125" horizontalTextPosition="center" iconTextGap="4" modelName="custom" textColor="#000000" verticalTextPosition="bottom" visible="true" width="45.640625" x="64.77384116461118" y="3.0">Event<y:LabelModel>
                  <y:SmartNodeLabelModel distance="4.0"/>
                </y:LabelModel>
                <y:ModelParameter>
                  <y:SmartNodeLabelModelParameter labelRatioX="0.0" labelRatioY="0.0" nodeRatioX="0.0" nodeRatioY="-0.03703090122767855" offsetX="0.0" offsetY="0.0" upX="0.0" upY="-1.0"/>
                </y:ModelParameter>
              </y:NodeLabel>
              <y:UML clipContent="true" constraint="" omitDetails="false" stereotype="" use3DEffect="true">
                <y:AttributeLabel>+action: Action
+time: long
+entity: Entity</y:AttributeLabel>
                <y:MethodLabel/>
              </y:UML>
            </y:UMLClassNode>
          </data>
        </node>
      </graph>
    </node>
    <node id="n2" yfiles.foldertype="group">
      <data key="d5"/>
      <data key="d6">
        <y:ProxyAutoBoundsNode>
          <y:Realizers active="0">
            <y:GroupNode>
              <y:Geometry height="124.02675988367344" width="167.0" x="-113.13900632601752" y="293.8376776360837"/>
              <y:Fill color="#F5F5F5" transparent="false"/>
              <y:BorderStyle color="#000000" type="dashed" width="1.0"/>
              <y:NodeLabel alignment="right" autoSizePolicy="node_width" backgroundColor="#1B8C48" borderDistance="0.0" fontFamily="Dialog" fontSize="15" fontStyle="plain" hasLineColor="false" height="21.4609375" horizontalTextPosition="center" iconTextGap="4" modelName="internal" modelPosition="t" textColor="#000000" verticalTextPosition="bottom" visible="true" width="167.0" x="0.0" y="0.0">Component 3 (1)</y:NodeLabel>
              <y:Shape type="roundrectangle"/>
              <y:State closed="false" closedHeight="50.0" closedWidth="50.0" innerGraphDisplayEnabled="false"/>
              <y:Insets bottom="15" bottomF="15.0" left="15" leftF="15.0" right="15" rightF="15.0" top="15" topF="15.0"/>
              <y:BorderInsets bottom="0" bottomF="0.0" left="0" leftF="0.0" right="0" rightF="0.0" top="0" topF="0.0"/>
            </y:GroupNode>
            <y:GroupNode>
              <y:Geometry height="50.0" width="50.0" x="-266.947637645884" y="478.1716298855763"/>
              <y:Fill color="#F5F5F5" transparent="false"/>
              <y:BorderStyle color="#000000" type="dashed" width="1.0"/>
              <y:NodeLabel alignment="right" autoSizePolicy="node_width" backgroundColor="#1B8C48" borderDistance="0.0" fontFamily="Dialog" fontSize="15" fontStyle="plain" hasLineColor="false" height="21.4609375" horizontalTextPosition="center" iconTextGap="4" modelName="internal" modelPosition="t" textColor="#000000" verticalTextPosition="bottom" visible="true" width="131.412109375" x="-40.7060546875" y="0.0">Component 3 (1)</y:NodeLabel>
              <y:Shape type="roundrectangle"/>
              <y:State closed="true" closedHeight="50.0" closedWidth="50.0" innerGraphDisplayEnabled="false"/>
              <y:Insets bottom="5" bottomF="5.0" left="5" leftF="5.0" right="5" rightF="5.0" top="5" topF="5.0"/>
              <y:BorderInsets bottom="0" bottomF="0.0" left="0" leftF="0.0" right="0" rightF="0.0" top="0" topF="0.0"/>
            </y:GroupNode>
          </y:Realizers>
        </y:ProxyAutoBoundsNode>
      </data>
      <graph edgedefault="directed" id="n2:">
        <node id="n2::n0">
          <data key="d4"/>
          <data key="d6">
            <y:UMLClassNode>
              <y:Geometry height="72.56582238367344" width="137.0" x="-98.13900632601752" y="330.2986151360837"/>
              <y:Fill color="#1B8C48" transparent="false"/>
              <y:BorderStyle color="#000000" type="line" width="1.0"/>
              <y:NodeLabel alignment="center" autoSizePolicy="content" fontFamily="Dialog" fontSize="13" fontStyle="bold" hasBackgroundColor="false" hasLineColor="false" height="19.1328125" horizontalTextPosition="center" iconTextGap="4" modelName="custom" textColor="#000000" verticalTextPosition="bottom" visible="true" width="132.4765625" x="2.26171875" y="3.0">EventComparator<y:LabelModel>
                  <y:SmartNodeLabelModel distance="4.0"/>
                </y:LabelModel>
                <y:ModelParameter>
                  <y:SmartNodeLabelModelParameter labelRatioX="0.0" labelRatioY="0.0" nodeRatioX="0.0" nodeRatioY="-0.03703090122767855" offsetX="0.0" offsetY="0.0" upX="0.0" upY="-1.0"/>
                </y:ModelParameter>
              </y:NodeLabel>
              <y:UML clipContent="true" constraint="" omitDetails="false" stereotype="" use3DEffect="true">
                <y:AttributeLabel/>
                <y:MethodLabel>+compare(): int</y:MethodLabel>
              </y:UML>
            </y:UMLClassNode>
          </data>
        </node>
      </graph>
    </node>
    <node id="n3" yfiles.foldertype="group">
      <data key="d5"/>
      <data key="d6">
        <y:ProxyAutoBoundsNode>
          <y:Realizers active="0">
            <y:GroupNode>
              <y:Geometry height="211.9472601472661" width="318.0" x="264.5" y="143.33110363407354"/>
              <y:Fill color="#F5F5F5" transparent="false"/>
              <y:BorderStyle color="#000000" type="dashed" width="1.0"/>
              <y:NodeLabel alignment="right" autoSizePolicy="node_width" backgroundColor="#B300C2" borderDistance="0.0" fontFamily="Dialog" fontSize="15" fontStyle="plain" hasLineColor="false" height="21.4609375" horizontalTextPosition="center" iconTextGap="4" modelName="internal" modelPosition="t" textColor="#000000" verticalTextPosition="bottom" visible="true" width="318.0" x="0.0" y="0.0">Component 4 (1)</y:NodeLabel>
              <y:Shape type="roundrectangle"/>
              <y:State closed="false" closedHeight="50.0" closedWidth="50.0" innerGraphDisplayEnabled="false"/>
              <y:Insets bottom="15" bottomF="15.0" left="15" leftF="15.0" right="15" rightF="15.0" top="15" topF="15.0"/>
              <y:BorderInsets bottom="5" bottomF="5.055097928161672" left="5" leftF="4.937304300320193" right="0" rightF="0.0" top="0" topF="0.0"/>
            </y:GroupNode>
            <y:GroupNode>
              <y:Geometry height="50.0" width="50.0" x="151.743946328706" y="363.9129860874749"/>
              <y:Fill color="#F5F5F5" transparent="false"/>
              <y:BorderStyle color="#000000" type="dashed" width="1.0"/>
              <y:NodeLabel alignment="right" autoSizePolicy="node_width" backgroundColor="#B300C2" borderDistance="0.0" fontFamily="Dialog" fontSize="15" fontStyle="plain" hasLineColor="false" height="21.4609375" horizontalTextPosition="center" iconTextGap="4" modelName="internal" modelPosition="t" textColor="#000000" verticalTextPosition="bottom" visible="true" width="131.412109375" x="-40.7060546875" y="0.0">Component 4 (1)</y:NodeLabel>
              <y:Shape type="roundrectangle"/>
              <y:State closed="true" closedHeight="50.0" closedWidth="50.0" innerGraphDisplayEnabled="false"/>
              <y:Insets bottom="5" bottomF="5.0" left="5" leftF="5.0" right="5" rightF="5.0" top="5" topF="5.0"/>
              <y:BorderInsets bottom="0" bottomF="0.0" left="0" leftF="0.0" right="0" rightF="0.0" top="0" topF="0.0"/>
            </y:GroupNode>
          </y:Realizers>
        </y:ProxyAutoBoundsNode>
      </data>
      <graph edgedefault="directed" id="n3:">
        <node id="n3::n0">
          <data key="d4"/>
          <data key="d6">
            <y:UMLClassNode>
              <y:Geometry height="155.43122471910442" width="283.0626956996798" x="284.4373043003202" y="179.79204113407354"/>
              <y:Fill color="#B300C2" transparent="false"/>
              <y:BorderStyle color="#000000" type="line" width="1.0"/>
              <y:NodeLabel alignment="center" autoSizePolicy="content" fontFamily="Dialog" fontSize="13" fontStyle="bold" hasBackgroundColor="false" hasLineColor="false" height="19.1328125" horizontalTextPosition="center" iconTextGap="4" modelName="custom" textColor="#000000" verticalTextPosition="bottom" visible="true" width="119.02587890625" x="82.0184083967149" y="3.0">EventScheduler<y:LabelModel>
                  <y:SmartNodeLabelModel distance="4.0"/>
                </y:LabelModel>
                <y:ModelParameter>
                  <y:SmartNodeLabelModelParameter labelRatioX="0.0" labelRatioY="0.0" nodeRatioX="0.0" nodeRatioY="-0.03703090122767855" offsetX="0.0" offsetY="0.0" upX="0.0" upY="-1.0"/>
                </y:ModelParameter>
              </y:NodeLabel>
              <y:UML clipContent="true" constraint="" omitDetails="false" stereotype="" use3DEffect="true">
                <y:AttributeLabel>+eventQueue: PriorityQueue&lt;Event&gt;
+pendingEvents: Map&lt;Entity, List&lt;Event&gt;&gt;
+timeScale: double</y:AttributeLabel>
                <y:MethodLabel>+scheduleEvent:
+unscheduleAllEvents:
+removePendingEvent:
+updateOnTime:</y:MethodLabel>
              </y:UML>
            </y:UMLClassNode>
          </data>
        </node>
      </graph>
    </node>
    <node id="n4" yfiles.foldertype="group">
      <data key="d5"/>
      <data key="d6">
        <y:ProxyAutoBoundsNode>
          <y:Realizers active="0">
            <y:GroupNode>
              <y:Geometry height="148.84334015558198" width="377.6390063260175" x="-113.13900632601752" y="144.9943374805017"/>
              <y:Fill color="#F5F5F5" transparent="false"/>
              <y:BorderStyle color="#000000" type="dashed" width="1.0"/>
              <y:NodeLabel alignment="right" autoSizePolicy="node_width" backgroundColor="#FF6405" borderDistance="0.0" fontFamily="Dialog" fontSize="15" fontStyle="plain" hasLineColor="false" height="21.4609375" horizontalTextPosition="center" iconTextGap="4" modelName="internal" modelPosition="t" textColor="#000000" verticalTextPosition="bottom" visible="true" width="377.6390063260175" x="0.0" y="0.0">Component 5 (1)</y:NodeLabel>
              <y:Shape type="roundrectangle"/>
              <y:State closed="false" closedHeight="50.0" closedWidth="50.0" innerGraphDisplayEnabled="false"/>
              <y:Insets bottom="15" bottomF="15.0" left="15" leftF="15.0" right="15" rightF="15.0" top="15" topF="15.0"/>
              <y:BorderInsets bottom="0" bottomF="0.0" left="0" leftF="0.0" right="0" rightF="5.6843418860808015E-14" top="0" topF="0.0"/>
            </y:GroupNode>
            <y:GroupNode>
              <y:Geometry height="50.0" width="50.0" x="-230.43880799472964" y="597.9603448288183"/>
              <y:Fill color="#F5F5F5" transparent="false"/>
              <y:BorderStyle color="#000000" type="dashed" width="1.0"/>
              <y:NodeLabel alignment="right" autoSizePolicy="node_width" backgroundColor="#FF6405" borderDistance="0.0" fontFamily="Dialog" fontSize="15" fontStyle="plain" hasLineColor="false" height="21.4609375" horizontalTextPosition="center" iconTextGap="4" modelName="internal" modelPosition="t" textColor="#000000" verticalTextPosition="bottom" visible="true" width="131.412109375" x="-40.7060546875" y="0.0">Component 5 (1)</y:NodeLabel>
              <y:Shape type="roundrectangle"/>
              <y:State closed="true" closedHeight="50.0" closedWidth="50.0" innerGraphDisplayEnabled="false"/>
              <y:Insets bottom="5" bottomF="5.0" left="5" leftF="5.0" right="5" rightF="5.0" top="5" topF="5.0"/>
              <y:BorderInsets bottom="0" bottomF="0.0" left="0" leftF="0.0" right="0" rightF="0.0" top="0" topF="0.0"/>
            </y:GroupNode>
          </y:Realizers>
        </y:ProxyAutoBoundsNode>
      </data>
      <graph edgedefault="directed" id="n4:">
        <node id="n4::n0">
          <data key="d4"/>
          <data key="d6">
            <y:UMLClassNode>
              <y:Geometry height="97.38240265558198" width="347.63900632601747" x="-98.13900632601752" y="181.4552749805017"/>
              <y:Fill color="#FF6405" transparent="false"/>
              <y:BorderStyle color="#000000" type="line" width="1.0"/>
              <y:NodeLabel alignment="center" autoSizePolicy="content" fontFamily="Dialog" fontSize="13" fontStyle="bold" hasBackgroundColor="false" hasLineColor="false" height="19.1328125" horizontalTextPosition="center" iconTextGap="4" modelName="custom" textColor="#000000" verticalTextPosition="bottom" visible="true" width="89.01416015625" x="129.31242308488373" y="3.0">ImageStore<y:LabelModel>
                  <y:SmartNodeLabelModel distance="4.0"/>
                </y:LabelModel>
                <y:ModelParameter>
                  <y:SmartNodeLabelModelParameter labelRatioX="0.0" labelRatioY="0.0" nodeRatioX="0.0" nodeRatioY="-0.03703090122767855" offsetX="0.0" offsetY="0.0" upX="0.0" upY="-1.0"/>
                </y:ModelParameter>
              </y:NodeLabel>
              <y:UML clipContent="true" constraint="" omitDetails="false" stereotype="" use3DEffect="true">
                <y:AttributeLabel>+images: Map&lt;String, List&lt;PImage&gt;&gt;
+defaultImages: List&lt;PImage&gt;</y:AttributeLabel>
                <y:MethodLabel>+getImageList(): List&lt;PImage&gt;</y:MethodLabel>
              </y:UML>
            </y:UMLClassNode>
          </data>
        </node>
      </graph>
    </node>
    <node id="n5" yfiles.foldertype="group">
      <data key="d5"/>
      <data key="d6">
        <y:ProxyAutoBoundsNode>
          <y:Realizers active="0">
            <y:GroupNode>
              <y:Geometry height="186.4609375" width="264.911528907425" x="-113.13900632601752" y="-41.46660001949826"/>
              <y:Fill color="#F5F5F5" transparent="false"/>
              <y:BorderStyle color="#000000" type="dashed" width="1.0"/>
              <y:NodeLabel alignment="right" autoSizePolicy="node_width" backgroundColor="#2B4BFA" borderDistance="0.0" fontFamily="Dialog" fontSize="15" fontStyle="plain" hasLineColor="false" height="21.4609375" horizontalTextPosition="center" iconTextGap="4" modelName="internal" modelPosition="t" textColor="#000000" verticalTextPosition="bottom" visible="true" width="264.911528907425" x="0.0" y="0.0">Component 6 (1)</y:NodeLabel>
              <y:Shape type="roundrectangle"/>
              <y:State closed="false" closedHeight="50.0" closedWidth="50.0" innerGraphDisplayEnabled="false"/>
              <y:Insets bottom="15" bottomF="15.0" left="15" leftF="15.0" right="15" rightF="15.0" top="15" topF="15.0"/>
              <y:BorderInsets bottom="0" bottomF="0.0" left="0" leftF="0.0" right="0" rightF="0.0" top="0" topF="0.0"/>
            </y:GroupNode>
            <y:GroupNode>
              <y:Geometry height="50.0" width="50.0" x="280.784434032426" y="598.4441986468682"/>
              <y:Fill color="#F5F5F5" transparent="false"/>
              <y:BorderStyle color="#000000" type="dashed" width="1.0"/>
              <y:NodeLabel alignment="right" autoSizePolicy="node_width" backgroundColor="#2B4BFA" borderDistance="0.0" fontFamily="Dialog" fontSize="15" fontStyle="plain" hasLineColor="false" height="21.4609375" horizontalTextPosition="center" iconTextGap="4" modelName="internal" modelPosition="t" textColor="#000000" verticalTextPosition="bottom" visible="true" width="131.412109375" x="-40.7060546875" y="0.0">Component 6 (1)</y:NodeLabel>
              <y:Shape type="roundrectangle"/>
              <y:State closed="true" closedHeight="50.0" closedWidth="50.0" innerGraphDisplayEnabled="false"/>
              <y:Insets bottom="5" bottomF="5.0" left="5" leftF="5.0" right="5" rightF="5.0" top="5" topF="5.0"/>
              <y:BorderInsets bottom="0" bottomF="0.0" left="0" leftF="0.0" right="0" rightF="0.0" top="0" topF="0.0"/>
            </y:GroupNode>
          </y:Realizers>
        </y:ProxyAutoBoundsNode>
      </data>
      <graph edgedefault="directed" id="n5:">
        <node id="n5::n0">
          <data key="d4"/>
          <data key="d6">
            <y:UMLClassNode>
              <y:Geometry height="135.0" width="234.91152890742498" x="-98.13900632601752" y="-5.005662519498259"/>
              <y:Fill color="#2B4BFA" transparent="false"/>
              <y:BorderStyle color="#000000" type="line" width="1.0"/>
              <y:NodeLabel alignment="center" autoSizePolicy="content" fontFamily="Dialog" fontSize="13" fontStyle="bold" hasBackgroundColor="false" hasLineColor="false" height="19.1328125" horizontalTextPosition="center" iconTextGap="4" modelName="custom" textColor="#000000" verticalTextPosition="bottom" visible="true" width="42.38427734375" x="96.26362578183749" y="3.0">Point<y:LabelModel>
                  <y:SmartNodeLabelModel distance="4.0"/>
                </y:LabelModel>
                <y:ModelParameter>
                  <y:SmartNodeLabelModelParameter labelRatioX="0.0" labelRatioY="0.0" nodeRatioX="0.0" nodeRatioY="-0.03703090122767855" offsetX="0.0" offsetY="0.0" upX="0.0" upY="-1.0"/>
                </y:ModelParameter>
              </y:NodeLabel>
              <y:UML clipContent="true" constraint="" omitDetails="false" stereotype="" use3DEffect="true">
                <y:AttributeLabel>+x: int
+y: int</y:AttributeLabel>
                <y:MethodLabel>+toString(): String
+equals(): boolean
+adjacent(): boolean
+distanceSquared(): int</y:MethodLabel>
              </y:UML>
            </y:UMLClassNode>
          </data>
        </node>
      </graph>
    </node>
    <node id="n6" yfiles.foldertype="group">
      <data key="d5"/>
      <data key="d6">
        <y:ProxyAutoBoundsNode>
          <y:Realizers active="0">
            <y:GroupNode>
              <y:Geometry height="239.92187500000023" width="205.18830732922237" x="59.3116926707776" y="293.83767763608364"/>
              <y:Fill color="#F5F5F5" transparent="false"/>
              <y:BorderStyle color="#000000" type="dashed" width="1.0"/>
              <y:NodeLabel alignment="right" autoSizePolicy="node_width" backgroundColor="#8C6048" borderDistance="0.0" fontFamily="Dialog" fontSize="15" fontStyle="plain" hasLineColor="false" height="21.4609375" horizontalTextPosition="center" iconTextGap="4" modelName="internal" modelPosition="t" textColor="#000000" verticalTextPosition="bottom" visible="true" width="205.18830732922237" x="0.0" y="0.0">Component 7 (1)</y:NodeLabel>
              <y:Shape type="roundrectangle"/>
              <y:State closed="false" closedHeight="50.0" closedWidth="50.0" innerGraphDisplayEnabled="false"/>
              <y:Insets bottom="15" bottomF="15.0" left="15" leftF="15.0" right="15" rightF="15.0" top="15" topF="15.0"/>
              <y:BorderInsets bottom="0" bottomF="0.0" left="0" leftF="0.0" right="0" rightF="0.0" top="0" topF="0.0"/>
            </y:GroupNode>
            <y:GroupNode>
              <y:Geometry height="50.0" width="50.0" x="-306.8621437977993" y="888.083008346426"/>
              <y:Fill color="#F5F5F5" transparent="false"/>
              <y:BorderStyle color="#000000" type="dashed" width="1.0"/>
              <y:NodeLabel alignment="right" autoSizePolicy="node_width" backgroundColor="#8C6048" borderDistance="0.0" fontFamily="Dialog" fontSize="15" fontStyle="plain" hasLineColor="false" height="21.4609375" horizontalTextPosition="center" iconTextGap="4" modelName="internal" modelPosition="t" textColor="#000000" verticalTextPosition="bottom" visible="true" width="131.412109375" x="-40.7060546875" y="0.0">Component 7 (1)</y:NodeLabel>
              <y:Shape type="roundrectangle"/>
              <y:State closed="true" closedHeight="50.0" closedWidth="50.0" innerGraphDisplayEnabled="false"/>
              <y:Insets bottom="5" bottomF="5.0" left="5" leftF="5.0" right="5" rightF="5.0" top="5" topF="5.0"/>
              <y:BorderInsets bottom="0" bottomF="0.0" left="0" leftF="0.0" right="0" rightF="0.0" top="0" topF="0.0"/>
            </y:GroupNode>
          </y:Realizers>
        </y:ProxyAutoBoundsNode>
      </data>
      <graph edgedefault="directed" id="n6:">
        <node id="n6::n0">
          <data key="d4"/>
          <data key="d6">
            <y:UMLClassNode>
              <y:Geometry height="188.46093750000023" width="175.18830732922237" x="74.3116926707776" y="330.29861513608364"/>
              <y:Fill color="#8C6048" transparent="false"/>
              <y:BorderStyle color="#000000" type="line" width="1.0"/>
              <y:NodeLabel alignment="center" autoSizePolicy="content" fontFamily="Dialog" fontSize="13" fontStyle="bold" hasBackgroundColor="false" hasLineColor="false" height="19.1328125" horizontalTextPosition="center" iconTextGap="4" modelName="custom" textColor="#000000" verticalTextPosition="bottom" visible="true" width="70.2060546875" x="52.491126320861184" y="3.0">Viewport<y:LabelModel>
                  <y:SmartNodeLabelModel distance="4.0"/>
                </y:LabelModel>
                <y:ModelParameter>
                  <y:SmartNodeLabelModelParameter labelRatioX="0.0" labelRatioY="0.0" nodeRatioX="0.0" nodeRatioY="-0.03703090122767855" offsetX="0.0" offsetY="0.0" upX="0.0" upY="-1.0"/>
                </y:ModelParameter>
              </y:NodeLabel>
              <y:UML clipContent="true" constraint="" omitDetails="false" stereotype="" use3DEffect="true">
                <y:AttributeLabel>+row: int
+col: int
+numRows: int
+numCols: int</y:AttributeLabel>
                <y:MethodLabel>+shift():
+contains(): boolean
+viewportToWorld(): Point
+worldToViewport(): Point</y:MethodLabel>
              </y:UML>
            </y:UMLClassNode>
          </data>
        </node>
      </graph>
    </node>
    <node id="n7" yfiles.foldertype="group">
      <data key="d5"/>
      <data key="d6">
        <y:ProxyAutoBoundsNode>
          <y:Realizers active="0">
            <y:GroupNode>
              <y:Geometry height="418.40306385474446" width="313.0626956996798" x="269.4373043003202" y="355.27836378133964"/>
              <y:Fill color="#F5F5F5" transparent="false"/>
              <y:BorderStyle color="#000000" type="dashed" width="1.0"/>
              <y:NodeLabel alignment="right" autoSizePolicy="node_width" backgroundColor="#FAAFE8" borderDistance="0.0" fontFamily="Dialog" fontSize="15" fontStyle="plain" hasLineColor="false" height="21.4609375" horizontalTextPosition="center" iconTextGap="4" modelName="internal" modelPosition="t" textColor="#000000" verticalTextPosition="bottom" visible="true" width="313.0626956996798" x="0.0" y="0.0">Component 8 (1)</y:NodeLabel>
              <y:Shape type="roundrectangle"/>
              <y:State closed="false" closedHeight="50.0" closedWidth="50.0" innerGraphDisplayEnabled="false"/>
              <y:Insets bottom="15" bottomF="15.0" left="15" leftF="15.0" right="15" rightF="15.0" top="15" topF="15.0"/>
              <y:BorderInsets bottom="5" bottomF="5.000000000000227" left="0" leftF="0.0" right="0" rightF="0.0" top="0" topF="0.0"/>
            </y:GroupNode>
            <y:GroupNode>
              <y:Geometry height="50.0" width="50.0" x="-98.20640803691572" y="887.0830083464259"/>
              <y:Fill color="#F5F5F5" transparent="false"/>
              <y:BorderStyle color="#000000" type="dashed" width="1.0"/>
              <y:NodeLabel alignment="right" autoSizePolicy="node_width" backgroundColor="#FAAFE8" borderDistance="0.0" fontFamily="Dialog" fontSize="15" fontStyle="plain" hasLineColor="false" height="21.4609375" horizontalTextPosition="center" iconTextGap="4" modelName="internal" modelPosition="t" textColor="#000000" verticalTextPosition="bottom" visible="true" width="131.412109375" x="-40.7060546875" y="0.0">Component 8 (1)</y:NodeLabel>
              <y:Shape type="roundrectangle"/>
              <y:State closed="true" closedHeight="50.0" closedWidth="50.0" innerGraphDisplayEnabled="false"/>
              <y:Insets bottom="5" bottomF="5.0" left="5" leftF="5.0" right="5" rightF="5.0" top="5" topF="5.0"/>
              <y:BorderInsets bottom="0" bottomF="0.0" left="0" leftF="0.0" right="0" rightF="0.0" top="0" topF="0.0"/>
            </y:GroupNode>
          </y:Realizers>
        </y:ProxyAutoBoundsNode>
      </data>
      <graph edgedefault="directed" id="n7:">
        <node id="n7::n0">
          <data key="d4"/>
          <data key="d6">
            <y:UMLClassNode>
              <y:Geometry height="361.94212635474423" width="283.0626956996798" x="284.4373043003202" y="391.73930128133964"/>
              <y:Fill color="#FAAFE8" transparent="false"/>
              <y:BorderStyle color="#000000" type="line" width="1.0"/>
              <y:NodeLabel alignment="center" autoSizePolicy="content" fontFamily="Dialog" fontSize="13" fontStyle="bold" hasBackgroundColor="false" hasLineColor="false" height="19.1328125" horizontalTextPosition="center" iconTextGap="4" modelName="custom" textColor="#000000" verticalTextPosition="bottom" visible="true" width="91.8896484375" x="95.5865236310899" y="3.0">WorldModel<y:LabelModel>
                  <y:SmartNodeLabelModel distance="4.0"/>
                </y:LabelModel>
                <y:ModelParameter>
                  <y:SmartNodeLabelModelParameter labelRatioX="0.0" labelRatioY="0.0" nodeRatioX="0.0" nodeRatioY="-0.03703090122767855" offsetX="0.0" offsetY="0.0" upX="0.0" upY="-1.0"/>
                </y:ModelParameter>
              </y:NodeLabel>
              <y:UML clipContent="true" constraint="" omitDetails="false" stereotype="" use3DEffect="true">
                <y:AttributeLabel>+numRows: int
+numCols: int
+background: Background[][]
+occupancy: Entity[][]
+entities: Set&lt;Entity&gt;
+ORE_REACH: int</y:AttributeLabel>
                <y:MethodLabel>+findOpenAround: Optional&lt;Point&gt;
+tryAddEntity()                      
+withinBounds(): boolean       
+isOccupied(): boolean        
+findNearest(): Optional&lt;Entity&gt;   
+addEntity()                             
+moveEntity()                          
+removeEntity()                         
+removeEntityAt()                       
+getBackgroundImage(): Optional&lt;PImage&gt;    
+setBackground()                         
+getOccupant(): Optional&lt;Entity&gt;
+getOccupancyCell(): Entity  
+setOccupancyCell()               
+getBackgroundCell(): Background
+setBackgroundCell()                          </y:MethodLabel>
              </y:UML>
            </y:UMLClassNode>
          </data>
        </node>
      </graph>
    </node>
    <node id="n8" yfiles.foldertype="group">
      <data key="d5"/>
      <data key="d6">
        <y:ProxyAutoBoundsNode>
          <y:Realizers active="0">
            <y:GroupNode>
              <y:Geometry height="239.92187500000023" width="205.18830732922243" x="59.31169267077759" y="533.7595526360839"/>
              <y:Fill color="#F5F5F5" transparent="false"/>
              <y:BorderStyle color="#000000" type="dashed" width="1.0"/>
              <y:NodeLabel alignment="right" autoSizePolicy="node_width" backgroundColor="#B1D95B" borderDistance="0.0" fontFamily="Dialog" fontSize="15" fontStyle="plain" hasLineColor="false" height="21.4609375" horizontalTextPosition="center" iconTextGap="4" modelName="internal" modelPosition="t" textColor="#000000" verticalTextPosition="bottom" visible="true" width="205.18830732922243" x="0.0" y="0.0">Component 9 (1)</y:NodeLabel>
              <y:Shape type="roundrectangle"/>
              <y:State closed="false" closedHeight="50.0" closedWidth="50.0" innerGraphDisplayEnabled="false"/>
              <y:Insets bottom="15" bottomF="15.0" left="15" leftF="15.0" right="15" rightF="15.0" top="15" topF="15.0"/>
              <y:BorderInsets bottom="5" bottomF="5.000000000000227" left="0" leftF="0.0" right="0" rightF="0.0" top="0" topF="0.0"/>
            </y:GroupNode>
            <y:GroupNode>
              <y:Geometry height="50.0" width="50.0" x="-61.515072815860435" y="1188.5049422265452"/>
              <y:Fill color="#F5F5F5" transparent="false"/>
              <y:BorderStyle color="#000000" type="dashed" width="1.0"/>
              <y:NodeLabel alignment="right" autoSizePolicy="node_width" backgroundColor="#B1D95B" borderDistance="0.0" fontFamily="Dialog" fontSize="15" fontStyle="plain" hasLineColor="false" height="21.4609375" horizontalTextPosition="center" iconTextGap="4" modelName="internal" modelPosition="t" textColor="#000000" verticalTextPosition="bottom" visible="true" width="131.412109375" x="-40.7060546875" y="0.0">Component 9 (1)</y:NodeLabel>
              <y:Shape type="roundrectangle"/>
              <y:State closed="true" closedHeight="50.0" closedWidth="50.0" innerGraphDisplayEnabled="false"/>
              <y:Insets bottom="5" bottomF="5.0" left="5" leftF="5.0" right="5" rightF="5.0" top="5" topF="5.0"/>
              <y:BorderInsets bottom="0" bottomF="0.0" left="0" leftF="0.0" right="0" rightF="0.0" top="0" topF="0.0"/>
            </y:GroupNode>
          </y:Realizers>
        </y:ProxyAutoBoundsNode>
      </data>
      <graph edgedefault="directed" id="n8:">
        <node id="n8::n0">
          <data key="d4"/>
          <data key="d6">
            <y:UMLClassNode>
              <y:Geometry height="183.4609375" width="175.1883073292224" x="74.31169267077759" y="570.2204901360839"/>
              <y:Fill color="#B1D95B" transparent="false"/>
              <y:BorderStyle color="#000000" type="line" width="1.0"/>
              <y:NodeLabel alignment="center" autoSizePolicy="content" fontFamily="Dialog" fontSize="13" fontStyle="bold" hasBackgroundColor="false" hasLineColor="false" height="19.1328125" horizontalTextPosition="center" iconTextGap="4" modelName="custom" textColor="#000000" verticalTextPosition="bottom" visible="true" width="82.787109375" x="46.2005989771112" y="3.0">WorldView<y:LabelModel>
                  <y:SmartNodeLabelModel distance="4.0"/>
                </y:LabelModel>
                <y:ModelParameter>
                  <y:SmartNodeLabelModelParameter labelRatioX="0.0" labelRatioY="0.0" nodeRatioX="0.0" nodeRatioY="-0.03703090122767855" offsetX="0.0" offsetY="0.0" upX="0.0" upY="-1.0"/>
                </y:ModelParameter>
              </y:NodeLabel>
              <y:UML clipContent="true" constraint="" omitDetails="false" stereotype="" use3DEffect="true">
                <y:AttributeLabel>+screen: PApplet
+world: WorldModel
+tileWidth: int
+tileHeight: int
+viewport: Viewport</y:AttributeLabel>
                <y:MethodLabel>+shiftView()                           
+drawBackground()                    
+drawEntities()                       
+drawViewport()                           </y:MethodLabel>
              </y:UML>
            </y:UMLClassNode>
          </data>
        </node>
      </graph>
    </node>
    <node id="n9" yfiles.foldertype="group">
      <data key="d5"/>
      <data key="d6">
        <y:ProxyAutoBoundsNode>
          <y:Realizers active="0">
            <y:GroupNode>
              <y:Geometry height="637.9335070792878" width="443.6029310437918" x="-384.2912383730142" y="555.3584773476294"/>
              <y:Fill color="#F5F5F5" transparent="false"/>
              <y:BorderStyle color="#000000" type="dashed" width="1.0"/>
              <y:NodeLabel alignment="right" autoSizePolicy="node_width" backgroundColor="#BBB082" borderDistance="0.0" fontFamily="Dialog" fontSize="15" fontStyle="plain" hasLineColor="false" height="21.4609375" horizontalTextPosition="center" iconTextGap="4" modelName="internal" modelPosition="t" textColor="#000000" verticalTextPosition="bottom" visible="true" width="443.6029310437918" x="0.0" y="0.0">Component 10 (1)</y:NodeLabel>
              <y:Shape type="roundrectangle"/>
              <y:State closed="false" closedHeight="50.0" closedWidth="50.0" innerGraphDisplayEnabled="false"/>
              <y:Insets bottom="15" bottomF="15.0" left="15" leftF="15.0" right="15" rightF="15.0" top="15" topF="15.0"/>
              <y:BorderInsets bottom="0" bottomF="0.0" left="0" leftF="0.0" right="0" rightF="0.0" top="0" topF="0.0"/>
            </y:GroupNode>
            <y:GroupNode>
              <y:Geometry height="50.0" width="50.0" x="128.4849271841395" y="888.083008346426"/>
              <y:Fill color="#F5F5F5" transparent="false"/>
              <y:BorderStyle color="#000000" type="dashed" width="1.0"/>
              <y:NodeLabel alignment="right" autoSizePolicy="node_width" backgroundColor="#BBB082" borderDistance="0.0" fontFamily="Dialog" fontSize="15" fontStyle="plain" hasLineColor="false" height="21.4609375" horizontalTextPosition="center" iconTextGap="4" modelName="internal" modelPosition="t" textColor="#000000" verticalTextPosition="bottom" visible="true" width="140.95556640625" x="-45.477783203125" y="0.0">Component 10 (1)</y:NodeLabel>
              <y:Shape type="roundrectangle"/>
              <y:State closed="true" closedHeight="50.0" closedWidth="50.0" innerGraphDisplayEnabled="false"/>
              <y:Insets bottom="5" bottomF="5.0" left="5" leftF="5.0" right="5" rightF="5.0" top="5" topF="5.0"/>
              <y:BorderInsets bottom="0" bottomF="0.0" left="0" leftF="0.0" right="0" rightF="0.0" top="0" topF="0.0"/>
            </y:GroupNode>
          </y:Realizers>
        </y:ProxyAutoBoundsNode>
      </data>
      <graph edgedefault="directed" id="n9:">
        <node id="n9::n0">
          <data key="d4"/>
          <data key="d6">
            <y:UMLClassNode>
              <y:Geometry height="586.4725695792878" width="413.6029310437918" x="-369.2912383730142" y="591.8194148476294"/>
              <y:Fill color="#BBB082" transparent="false"/>
              <y:BorderStyle color="#000000" type="line" width="1.0"/>
              <y:NodeLabel alignment="center" autoSizePolicy="content" fontFamily="Dialog" fontSize="13" fontStyle="bold" hasBackgroundColor="false" hasLineColor="false" height="19.1328125" horizontalTextPosition="center" iconTextGap="4" modelName="custom" textColor="#000000" verticalTextPosition="bottom" visible="true" width="97.0693359375" x="158.2667975531459" y="3.0">VirtualWorld<y:LabelModel>
                  <y:SmartNodeLabelModel distance="4.0"/>
                </y:LabelModel>
                <y:ModelParameter>
                  <y:SmartNodeLabelModelParameter labelRatioX="0.0" labelRatioY="0.0" nodeRatioX="0.0" nodeRatioY="-0.03703090122767855" offsetX="0.0" offsetY="0.0" upX="0.0" upY="-1.0"/>
                </y:ModelParameter>
              </y:NodeLabel>
              <y:UML clipContent="true" constraint="" omitDetails="false" stereotype="" use3DEffect="true">
                <y:AttributeLabel>+TIMER_ACTION_PERIOD: int         &lt;&lt;static&gt;&gt;
+VIEW_WIDTH: int                          &lt;&lt;static&gt;&gt;
+VIEW_HEIGHT: int                         &lt;&lt;static&gt;&gt;
+TILE_WIDTH: int                           &lt;&lt;static&gt;&gt;
+TILE_HEIGHT: int                          &lt;&lt;static&gt;&gt;
+WORLD_WIDTH_SCALE: int           &lt;&lt;static&gt;&gt;
+WORLD_HEIGHT_SCALE: int          &lt;&lt;static&gt;&gt;
+VIEW_COLS: int                             &lt;&lt;static&gt;&gt;
+VIEW_ROWS: int                            &lt;&lt;static&gt;&gt;
+WORLD_COLS: int                         &lt;&lt;static&gt;&gt;
+WORLD_ROWS: int                        &lt;&lt;static&gt;&gt;
+IMAGE_LIST_FILE_NAME: String    &lt;&lt;static&gt;&gt;
+DEFAULT_IMAGE_NAME: String    &lt;&lt;static&gt;&gt;
+DEFAULT_IMAGE_COLOR: int       &lt;&lt;static&gt;&gt;
+LOAD_FILE_NAME: String            &lt;&lt;static&gt;&gt;
+FAST_FLAG: String                      &lt;&lt;static&gt;&gt;
+FASTER_FLAG: String                  &lt;&lt;static&gt;&gt;
+FASTEST_FLAG: String                &lt;&lt;static&gt;&gt;
+FAST_SCALE: double                  &lt;&lt;static&gt;&gt;
+FASTER_SCALE: double              &lt;&lt;static&gt;&gt;
+FASTEST_SCALE: double            &lt;&lt;static&gt;&gt;
+timeScale: double
+imageStore: ImageStore
+world: WorldModel
+view: WorldView
+scheduler: EventScheduler</y:AttributeLabel>
                <y:MethodLabel>+settings()
+setup()
+draw()
+keyPressed()
+createDefaultBackground()         &lt;&lt;static&gt;&gt;
+createImageColored()                 &lt;&lt;static&gt;&gt;
+loadWorld()                                 &lt;&lt;static&gt;&gt;
+scheduleActions()                       &lt;&lt;static&gt;&gt;
+parseCommandLine()                  &lt;&lt;static&gt;&gt;
+main()                                         &lt;&lt;static&gt;&gt;</y:MethodLabel>
              </y:UML>
            </y:UMLClassNode>
          </data>
        </node>
      </graph>
    </node>
    <node id="n10" yfiles.foldertype="group">
      <data key="d5"/>
      <data key="d6">
        <y:ProxyAutoBoundsNode>
          <y:Realizers active="0">
            <y:GroupNode>
              <y:Geometry height="1107.9254960553253" width="395.0" x="582.5" y="-252.5661186055902"/>
              <y:Fill color="#F5F5F5" transparent="false"/>
              <y:BorderStyle color="#000000" type="dashed" width="1.0"/>
              <y:NodeLabel alignment="right" autoSizePolicy="node_width" backgroundColor="#FAEE00" borderDistance="0.0" fontFamily="Dialog" fontSize="15" fontStyle="plain" hasLineColor="false" height="21.4609375" horizontalTextPosition="center" iconTextGap="4" modelName="internal" modelPosition="t" textColor="#000000" verticalTextPosition="bottom" visible="true" width="395.0" x="0.0" y="0.0">Component 11 (1)</y:NodeLabel>
              <y:Shape type="roundrectangle"/>
              <y:State closed="false" closedHeight="50.0" closedWidth="50.0" innerGraphDisplayEnabled="false"/>
              <y:Insets bottom="15" bottomF="15.0" left="15" leftF="15.0" right="15" rightF="15.0" top="15" topF="15.0"/>
              <y:BorderInsets bottom="0" bottomF="0.0" left="0" leftF="0.0" right="0" rightF="0.0" top="0" topF="0.0"/>
            </y:GroupNode>
            <y:GroupNode>
              <y:Geometry height="50.0" width="50.0" x="582.5" y="21.205729166666742"/>
              <y:Fill color="#F5F5F5" transparent="false"/>
              <y:BorderStyle color="#000000" type="dashed" width="1.0"/>
              <y:NodeLabel alignment="right" autoSizePolicy="node_width" backgroundColor="#FAEE00" borderDistance="0.0" fontFamily="Dialog" fontSize="15" fontStyle="plain" hasLineColor="false" height="21.4609375" horizontalTextPosition="center" iconTextGap="4" modelName="internal" modelPosition="t" textColor="#000000" verticalTextPosition="bottom" visible="true" width="140.95556640625" x="-45.477783203125" y="0.0">Component 11 (1)</y:NodeLabel>
              <y:Shape type="roundrectangle"/>
              <y:State closed="true" closedHeight="50.0" closedWidth="50.0" innerGraphDisplayEnabled="false"/>
              <y:Insets bottom="5" bottomF="5.0" left="5" leftF="5.0" right="5" rightF="5.0" top="5" topF="5.0"/>
              <y:BorderInsets bottom="0" bottomF="0.0" left="0" leftF="0.0" right="0" rightF="0.0" top="0" topF="0.0"/>
            </y:GroupNode>
          </y:Realizers>
        </y:ProxyAutoBoundsNode>
      </data>
      <graph edgedefault="directed" id="n10:">
        <node id="n10::n0">
          <data key="d4"/>
          <data key="d6">
            <y:UMLClassNode>
              <y:Geometry height="1056.4645585553253" width="365.0" x="597.5" y="-216.1051811055902"/>
              <y:Fill color="#FAEE00" transparent="false"/>
              <y:BorderStyle color="#000000" type="line" width="1.0"/>
              <y:NodeLabel alignment="center" autoSizePolicy="content" fontFamily="Dialog" fontSize="13" fontStyle="bold" hasBackgroundColor="false" hasLineColor="false" height="19.1328125" horizontalTextPosition="center" iconTextGap="4" modelName="custom" textColor="#000000" verticalTextPosition="bottom" visible="true" width="75.6904296875" x="144.65478515625" y="3.0">Functions<y:LabelModel>
                  <y:SmartNodeLabelModel distance="4.0"/>
                </y:LabelModel>
                <y:ModelParameter>
                  <y:SmartNodeLabelModelParameter labelRatioX="0.0" labelRatioY="0.0" nodeRatioX="0.0" nodeRatioY="-0.03703090122767855" offsetX="0.0" offsetY="0.0" upX="0.0" upY="-1.0"/>
                </y:ModelParameter>
              </y:NodeLabel>
              <y:UML clipContent="true" constraint="" omitDetails="false" stereotype="" use3DEffect="true">
                <y:AttributeLabel>+rand: Random                                &lt;&lt;static&gt;&gt;
+BLOB_KEY: String                            &lt;&lt;static&gt;&gt;
+SMITH_ID: int                               &lt;&lt;static&gt;&gt;
+SMITH_COL: int                              &lt;&lt;static&gt;&gt;
+SMITH_ROW: int                              &lt;&lt;static&gt;&gt;
+VEIN_KEY: String                            &lt;&lt;static&gt;&gt;
+VEIN_NUM_PROPERTIES: int                    &lt;&lt;static&gt;&gt;
+VEIN_ID: int                                &lt;&lt;static&gt;&gt;
+VEIN_COL: int                               &lt;&lt;static&gt;&gt;
+VEIN_ROW: int                               &lt;&lt;static&gt;&gt;
+VEIN_ACTION_PERIOD: int                     &lt;&lt;static&gt;&gt;
+MINER_KEY: String                           &lt;&lt;static&gt;&gt;
+MINER_NUM_PROPERTIES: int                   &lt;&lt;static&gt;&gt;
+MINER_ID: int                               &lt;&lt;static&gt;&gt;
+MINER_COL: int                              &lt;&lt;static&gt;&gt;
+MINER_ROW: int                              &lt;&lt;static&gt;&gt;
+MINER_LIMIT: int                            &lt;&lt;static&gt;&gt;
+MINER_ACTION_PERIOD: int                    &lt;&lt;static&gt;&gt;
+MINER_ANIMATION_PERIOD: int                 &lt;&lt;static&gt;&gt;
+OBSTACLE_KEY: String                        &lt;&lt;static&gt;&gt;
+OBSTACLE_NUM_PROPERTIES: int                &lt;&lt;static&gt;&gt;
+OBSTACLE_ID: int                            &lt;&lt;static&gt;&gt;
+OBSTACLE_COL: int                           &lt;&lt;static&gt;&gt;
+OBSTACLE_ROW: int                           &lt;&lt;static&gt;&gt;
+ORE_KEY: String                             &lt;&lt;static&gt;&gt;
+ORE_NUM_PROPERTIES: int                     &lt;&lt;static&gt;&gt;
+ORE_ID: int                                 &lt;&lt;static&gt;&gt;
+ORE_COL: int                                &lt;&lt;static&gt;&gt;
+ORE_ROW: int                                &lt;&lt;static&gt;&gt;
+ORE_ACTION_PERIOD: int                      &lt;&lt;static&gt;&gt;
+SMITH_KEY: String                           &lt;&lt;static&gt;&gt;
+SMITH_NUM_PROPERTIES: int                   &lt;&lt;static&gt;&gt;
+BLOB_ID_SUFFIX: String                      &lt;&lt;static&gt;&gt;
+BLOB_PERIOD_SCALE: int                      &lt;&lt;static&gt;&gt;
+BLOB_ANIMATION_MIN: int                     &lt;&lt;static&gt;&gt;
+BLOB_ANIMATION_MAX: int                     &lt;&lt;static&gt;&gt;
+ORE_ID_PREFIX: String                       &lt;&lt;static&gt;&gt;
+ORE_CORRUPT_MIN: int                        &lt;&lt;static&gt;&gt;
+ORE_CORRUPT_MAX: int                        &lt;&lt;static&gt;&gt;
+ORE_REACH: int                              &lt;&lt;static&gt;&gt;
+QUAKE_KEY: String                           &lt;&lt;static&gt;&gt;
+QUAKE_ID: String                            &lt;&lt;static&gt;&gt;
+QUAKE_ACTION_PERIOD: int                    &lt;&lt;static&gt;&gt;
+QUAKE_ANIMATION_PERIOD: int                 &lt;&lt;static&gt;&gt;
+QUAKE_ANIMATION_REPEAT_COUNT: int           &lt;&lt;static&gt;&gt;
+COLOR_MASK: int                             &lt;&lt;static&gt;&gt;
+KEYED_IMAGE_MIN: int                        &lt;&lt;static&gt;&gt;
+KEYED_RED_IDX: int                        &lt;&lt;static&gt;&gt;
+KEYED_GREEN_IDX: int                        &lt;&lt;static&gt;&gt;
+KEYED_BLUE_IDX: int                        &lt;&lt;static&gt;&gt;
+PROPERTY_KEY: int                           &lt;&lt;static&gt;&gt;
+BGND_KEY: String                            &lt;&lt;static&gt;&gt;
+BGND_NUM_PROPERTIES: int                    &lt;&lt;static&gt;&gt;
+BGND_ID: int                                &lt;&lt;static&gt;&gt;
+BGND_COL: int                               &lt;&lt;static&gt;&gt;
+BGND_ROW: int                               &lt;&lt;static&gt;&gt;</y:AttributeLabel>
                <y:MethodLabel>+loadImages()                                &lt;&lt;static&gt;&gt;
+processImageLine()                          &lt;&lt;static&gt;&gt;
+getImages(): List&lt;PImage&gt;                   &lt;&lt;static&gt;&gt;
+setAlpha()                                  &lt;&lt;static&gt;&gt;
+load()                                      &lt;&lt;static&gt;&gt;
+processLine(): boolean                      &lt;&lt;static&gt;&gt;
+parseBackground(): boolean                  &lt;&lt;static&gt;&gt;
+parseMiner(): boolean                       &lt;&lt;static&gt;&gt;
+parseObstacle(): boolean                    &lt;&lt;static&gt;&gt;
+parseOre(): boolean                         &lt;&lt;static&gt;&gt;
+parseSmith(): boolean                       &lt;&lt;static&gt;&gt;
+parseVein(): boolean                        &lt;&lt;static&gt;&gt;
+clamp()                                      &lt;&lt;static&gt;&gt;</y:MethodLabel>
              </y:UML>
            </y:UMLClassNode>
          </data>
        </node>
      </graph>
    </node>
    <node id="n11" yfiles.foldertype="group">
      <data key="d5"/>
      <data key="d6">
        <y:ProxyAutoBoundsNode>
          <y:Realizers active="0">
            <y:GroupNode>
              <y:Geometry height="211.94726014726612" width="260.60054127648" x="-113.13900632601747" y="-253.41386016676438"/>
              <y:Fill color="#FFFFFF" transparent="false"/>
              <y:BorderStyle color="#000000" type="dashed" width="1.0"/>
              <y:NodeLabel alignment="right" autoSizePolicy="node_width" backgroundColor="#000000" borderDistance="0.0" fontFamily="Dialog" fontSize="15" fontStyle="plain" hasLineColor="false" height="21.4609375" horizontalTextPosition="center" iconTextGap="4" modelName="internal" modelPosition="t" textColor="#000000" verticalTextPosition="bottom" visible="true" width="260.60054127648" x="0.0" y="0.0">Component 12 (1)</y:NodeLabel>
              <y:Shape type="roundrectangle"/>
              <y:State closed="false" closedHeight="50.0" closedWidth="50.0" innerGraphDisplayEnabled="false"/>
              <y:Insets bottom="15" bottomF="15.0" left="15" leftF="15.0" right="15" rightF="15.0" top="15" topF="15.0"/>
              <y:BorderInsets bottom="0" bottomF="0.0" left="0" leftF="0.0" right="0" rightF="0.0" top="0" topF="0.0"/>
            </y:GroupNode>
            <y:GroupNode>
              <y:Geometry height="50.0" width="50.0" x="-266.947637645884" y="-236.6540238018228"/>
              <y:Fill color="#F5F5F5" transparent="false"/>
              <y:BorderStyle color="#000000" type="dashed" width="1.0"/>
              <y:NodeLabel alignment="right" autoSizePolicy="node_width" backgroundColor="#000000" borderDistance="0.0" fontFamily="Dialog" fontSize="15" fontStyle="plain" hasLineColor="false" height="21.4609375" horizontalTextPosition="center" iconTextGap="4" modelName="internal" modelPosition="t" textColor="#000000" verticalTextPosition="bottom" visible="true" width="140.95556640625" x="-45.477783203125" y="0.0">Component 12 (1)</y:NodeLabel>
              <y:Shape type="roundrectangle"/>
              <y:State closed="true" closedHeight="50.0" closedWidth="50.0" innerGraphDisplayEnabled="false"/>
              <y:Insets bottom="5" bottomF="5.0" left="5" leftF="5.0" right="5" rightF="5.0" top="5" topF="5.0"/>
              <y:BorderInsets bottom="0" bottomF="0.0" left="0" leftF="0.0" right="0" rightF="0.0" top="0" topF="0.0"/>
            </y:GroupNode>
          </y:Realizers>
        </y:ProxyAutoBoundsNode>
      </data>
      <graph edgedefault="directed" id="n11:"/>
    </node>
    <node id="n12" yfiles.foldertype="group">
      <data key="d5"/>
      <data key="d6">
        <y:ProxyAutoBoundsNode>
          <y:Realizers active="0">
            <y:GroupNode>
              <y:Geometry height="155.43122471910445" width="205.18830732922237" x="147.46153495046252" y="-252.021996085031"/>
              <y:Fill color="#F5F5F5" transparent="false"/>
              <y:BorderStyle color="#000000" type="dashed" width="1.0"/>
              <y:NodeLabel alignment="right" autoSizePolicy="node_width" backgroundColor="#00FFC9" borderDistance="0.0" fontFamily="Dialog" fontSize="15" fontStyle="plain" hasLineColor="false" height="21.4609375" horizontalTextPosition="center" iconTextGap="4" modelName="internal" modelPosition="t" textColor="#000000" verticalTextPosition="bottom" visible="true" width="205.18830732922237" x="0.0" y="0.0">Component 13 (1)</y:NodeLabel>
              <y:Shape type="roundrectangle"/>
              <y:State closed="false" closedHeight="50.0" closedWidth="50.0" innerGraphDisplayEnabled="false"/>
              <y:Insets bottom="15" bottomF="15.0" left="15" leftF="15.0" right="15" rightF="15.0" top="15" topF="15.0"/>
              <y:BorderInsets bottom="7" bottomF="6.587884563522465" left="0" leftF="0.0" right="0" rightF="0.0" top="0" topF="0.0"/>
            </y:GroupNode>
            <y:GroupNode>
              <y:Geometry height="50.0" width="50.0" x="-59.22311378310934" y="-237.4153154963788"/>
              <y:Fill color="#F5F5F5" transparent="false"/>
              <y:BorderStyle color="#000000" type="dashed" width="1.0"/>
              <y:NodeLabel alignment="right" autoSizePolicy="node_width" backgroundColor="#00FFC9" borderDistance="0.0" fontFamily="Dialog" fontSize="15" fontStyle="plain" hasLineColor="false" height="21.4609375" horizontalTextPosition="center" iconTextGap="4" modelName="internal" modelPosition="t" textColor="#000000" verticalTextPosition="bottom" visible="true" width="140.95556640625" x="-45.477783203125" y="0.0">Component 13 (1)</y:NodeLabel>
              <y:Shape type="roundrectangle"/>
              <y:State closed="true" closedHeight="50.0" closedWidth="50.0" innerGraphDisplayEnabled="false"/>
              <y:Insets bottom="5" bottomF="5.0" left="5" leftF="5.0" right="5" rightF="5.0" top="5" topF="5.0"/>
              <y:BorderInsets bottom="0" bottomF="0.0" left="0" leftF="0.0" right="0" rightF="0.0" top="0" topF="0.0"/>
            </y:GroupNode>
          </y:Realizers>
        </y:ProxyAutoBoundsNode>
      </data>
      <graph edgedefault="directed" id="n12:">
        <node id="n12::n0">
          <data key="d4"/>
          <data key="d6">
            <y:UMLClassNode>
              <y:Geometry height="97.38240265558198" width="175.18830732922237" x="162.46153495046252" y="-215.561058585031"/>
              <y:Fill color="#00FFC9" transparent="false"/>
              <y:BorderStyle color="#000000" type="line" width="1.0"/>
              <y:NodeLabel alignment="center" autoSizePolicy="content" fontFamily="Dialog" fontSize="13" fontStyle="bold" hasBackgroundColor="false" hasLineColor="false" height="19.1328125" horizontalTextPosition="center" iconTextGap="4" modelName="custom" textColor="#000000" verticalTextPosition="bottom" visible="true" width="83.7138671875" x="45.737220070861184" y="25.96875">ActionKind<y:LabelModel>
                  <y:SmartNodeLabelModel distance="4.0"/>
                </y:LabelModel>
                <y:ModelParameter>
                  <y:SmartNodeLabelModelParameter labelRatioX="0.0" labelRatioY="0.0" nodeRatioX="0.0" nodeRatioY="-0.03703090122767855" offsetX="0.0" offsetY="0.0" upX="0.0" upY="-1.0"/>
                </y:ModelParameter>
              </y:NodeLabel>
              <y:UML clipContent="true" constraint="" omitDetails="false" stereotype="enumeration" use3DEffect="true">
                <y:AttributeLabel>ACTIVITY
ANIMATION</y:AttributeLabel>
                <y:MethodLabel/>
              </y:UML>
            </y:UMLClassNode>
          </data>
        </node>
      </graph>
    </node>
    <node id="n13" yfiles.foldertype="group">
      <data key="d5"/>
      <data key="d6">
        <y:ProxyAutoBoundsNode>
          <y:Realizers active="0">
            <y:GroupNode>
              <y:Geometry height="807.021793867251" width="335.9389680330379" x="-449.07797435905536" y="-251.6633165196215"/>
              <y:Fill color="#F5F5F5" transparent="false"/>
              <y:BorderStyle color="#000000" type="dashed" width="1.0"/>
              <y:NodeLabel alignment="right" autoSizePolicy="node_width" backgroundColor="#5B519C" borderDistance="0.0" fontFamily="Dialog" fontSize="15" fontStyle="plain" hasLineColor="false" height="21.4609375" horizontalTextPosition="center" iconTextGap="4" modelName="internal" modelPosition="t" textColor="#000000" verticalTextPosition="bottom" visible="true" width="335.9389680330379" x="0.0" y="0.0">Component 14 (1)</y:NodeLabel>
              <y:Shape type="roundrectangle"/>
              <y:State closed="false" closedHeight="50.0" closedWidth="50.0" innerGraphDisplayEnabled="false"/>
              <y:Insets bottom="15" bottomF="15.0" left="15" leftF="15.0" right="15" rightF="15.0" top="15" topF="15.0"/>
              <y:BorderInsets bottom="0" bottomF="0.0" left="0" leftF="0.0" right="0" rightF="5.6843418860808015E-14" top="0" topF="0.0"/>
            </y:GroupNode>
            <y:GroupNode>
              <y:Geometry height="50.0" width="50.0" x="-266.947637645884" y="122.81335874124767"/>
              <y:Fill color="#F5F5F5" transparent="false"/>
              <y:BorderStyle color="#000000" type="dashed" width="1.0"/>
              <y:NodeLabel alignment="right" autoSizePolicy="node_width" backgroundColor="#5B519C" borderDistance="0.0" fontFamily="Dialog" fontSize="15" fontStyle="plain" hasLineColor="false" height="21.4609375" horizontalTextPosition="center" iconTextGap="4" modelName="internal" modelPosition="t" textColor="#000000" verticalTextPosition="bottom" visible="true" width="140.95556640625" x="-45.477783203125" y="0.0">Component 14 (1)</y:NodeLabel>
              <y:Shape type="roundrectangle"/>
              <y:State closed="true" closedHeight="50.0" closedWidth="50.0" innerGraphDisplayEnabled="false"/>
              <y:Insets bottom="5" bottomF="5.0" left="5" leftF="5.0" right="5" rightF="5.0" top="5" topF="5.0"/>
              <y:BorderInsets bottom="0" bottomF="0.0" left="0" leftF="0.0" right="0" rightF="0.0" top="0" topF="0.0"/>
            </y:GroupNode>
          </y:Realizers>
        </y:ProxyAutoBoundsNode>
      </data>
      <graph edgedefault="directed" id="n13:">
        <node id="n13::n0">
          <data key="d4"/>
          <data key="d6">
            <y:UMLClassNode>
              <y:Geometry height="755.560856367251" width="305.93896803303784" x="-434.07797435905536" y="-215.2023790196215"/>
              <y:Fill color="#5B519C" transparent="false"/>
              <y:BorderStyle color="#000000" type="line" width="1.0"/>
              <y:NodeLabel alignment="center" autoSizePolicy="content" fontFamily="Dialog" fontSize="13" fontStyle="bold" hasBackgroundColor="false" hasLineColor="false" height="19.1328125" horizontalTextPosition="center" iconTextGap="4" modelName="custom" textColor="#000000" verticalTextPosition="bottom" visible="true" width="47.494140625" x="129.22241370401892" y="3.0">Entity<y:LabelModel>
                  <y:SmartNodeLabelModel distance="4.0"/>
                </y:LabelModel>
                <y:ModelParameter>
                  <y:SmartNodeLabelModelParameter labelRatioX="0.0" labelRatioY="0.0" nodeRatioX="0.0" nodeRatioY="-0.03703090122767855" offsetX="0.0" offsetY="0.0" upX="0.0" upY="-1.0"/>
                </y:ModelParameter>
              </y:NodeLabel>
              <y:UML clipContent="true" constraint="" omitDetails="false" stereotype="" use3DEffect="true">
                <y:AttributeLabel>+kind: EntityKind
+id: String
+position: Point
+images: List&lt;PImage&gt;
+imageIndex: int
+resourceLimit: int
+resourceCount: int
+actionPeriod: int
+animationPeriod: int
+rand: Random
+BLOB_KEY: String
+BLOB_ID_SUFFIX: String
+BLOB_PERIOD_SCALE: int
+BLOB_ANIMATION_MIN: int
+BLOB_ANIMATION_MAX: int
+ORE_ID_PREFIX: String
+ORE_CURRUPT_MIN: int
+ORE_CURRUPT_MAX: int
+QUAKE_KEY: String
+QUAKE_ANIMATION_REPEAT_COUNT: int
+QUAKE_ID: String
+QUAKE_ACTION_PERIOD: int
+QUAKE_ANIMATION_PERIOD: int
+ORE_KEY: String</y:AttributeLabel>
                <y:MethodLabel>+getCurrentImage(): PImage
+getAnimationPeriod(): int
+nextImage()
+executeMinerFullActivity()   
+executeMinerNotFullActivity() 
+executeOreBlobActivity()
+executeQuakeActivity()
+executeVeinActivity()   
+scheduleActions()                      
+transformNotFull(): boolean         
+transformFull()                       
+moveToNotFull(): boolean           
+moveToFull(): boolean                 
+moveToOreBlob(): boolean           
+nextPositionMiner(): Point            
+nextPositionOreBlob(): Point
+createAnimationAction(): Action   
+createActivityAction(): Action       
+createBlacksmith(): Entity    &lt;&lt;static&gt;&gt;    
+createMinerFull(): Entity    &lt;&lt;static&gt;&gt;         
+createMinerNotFull(): Entity    &lt;&lt;static&gt;&gt;    
+createObstacle(): Entity    &lt;&lt;static&gt;&gt;              
+createOre(): Entity    &lt;&lt;static&gt;&gt;                   
+createOreBlob(): Entity    &lt;&lt;static&gt;&gt;             
+createQuake(): Entity    &lt;&lt;static&gt;&gt;              
+createVein(): Entity    &lt;&lt;static&gt;&gt;                  
+nearestEntity(): Optional&lt;Entity&gt;   &lt;&lt;static&gt;&gt; </y:MethodLabel>
              </y:UML>
            </y:UMLClassNode>
          </data>
        </node>
      </graph>
    </node>
    <node id="n14" yfiles.foldertype="group">
      <data key="d5"/>
      <data key="d6">
        <y:ProxyAutoBoundsNode>
          <y:Realizers active="0">
            <y:GroupNode>
              <y:Geometry height="239.9218750000001" width="205.1883073292224" x="151.77252258140746" y="-96.59077136592654"/>
              <y:Fill color="#F5F5F5" transparent="false"/>
              <y:BorderStyle color="#000000" type="dashed" width="1.0"/>
              <y:NodeLabel alignment="right" autoSizePolicy="node_width" backgroundColor="#666666" borderDistance="0.0" fontFamily="Dialog" fontSize="15" fontStyle="plain" hasLineColor="false" height="21.4609375" horizontalTextPosition="center" iconTextGap="4" modelName="internal" modelPosition="t" textColor="#000000" verticalTextPosition="bottom" visible="true" width="205.1883073292224" x="0.0" y="0.0">Component 15 (1)</y:NodeLabel>
              <y:Shape type="roundrectangle"/>
              <y:State closed="false" closedHeight="50.0" closedWidth="50.0" innerGraphDisplayEnabled="false"/>
              <y:Insets bottom="15" bottomF="15.0" left="15" leftF="15.0" right="15" rightF="15.0" top="15" topF="15.0"/>
              <y:BorderInsets bottom="5" bottomF="5.000000000000114" left="0" leftF="0.0" right="0" rightF="0.0" top="0" topF="0.0"/>
            </y:GroupNode>
            <y:GroupNode>
              <y:Geometry height="50.0" width="50.0" x="-59.22311378310934" y="122.81335874124767"/>
              <y:Fill color="#F5F5F5" transparent="false"/>
              <y:BorderStyle color="#000000" type="dashed" width="1.0"/>
              <y:NodeLabel alignment="right" autoSizePolicy="node_width" backgroundColor="#666666" borderDistance="0.0" fontFamily="Dialog" fontSize="15" fontStyle="plain" hasLineColor="false" height="21.4609375" horizontalTextPosition="center" iconTextGap="4" modelName="internal" modelPosition="t" textColor="#000000" verticalTextPosition="bottom" visible="true" width="140.95556640625" x="-45.477783203125" y="0.0">Component 15 (1)</y:NodeLabel>
              <y:Shape type="roundrectangle"/>
              <y:State closed="true" closedHeight="50.0" closedWidth="50.0" innerGraphDisplayEnabled="false"/>
              <y:Insets bottom="5" bottomF="5.0" left="5" leftF="5.0" right="5" rightF="5.0" top="5" topF="5.0"/>
              <y:BorderInsets bottom="0" bottomF="0.0" left="0" leftF="0.0" right="0" rightF="0.0" top="0" topF="0.0"/>
            </y:GroupNode>
          </y:Realizers>
        </y:ProxyAutoBoundsNode>
      </data>
      <graph edgedefault="directed" id="n14:">
        <node id="n14::n0">
          <data key="d4"/>
          <data key="d6">
            <y:UMLClassNode>
              <y:Geometry height="183.4609375" width="175.18830732922237" x="166.77252258140746" y="-60.12983386592654"/>
              <y:Fill color="#666666" transparent="false"/>
              <y:BorderStyle color="#000000" type="line" width="1.0"/>
              <y:NodeLabel alignment="center" autoSizePolicy="content" fontFamily="Dialog" fontSize="13" fontStyle="bold" hasBackgroundColor="false" hasLineColor="false" height="19.1328125" horizontalTextPosition="center" iconTextGap="4" modelName="custom" textColor="#000000" verticalTextPosition="bottom" visible="true" width="80.58447265625" x="47.301917336486184" y="25.96875">EntityKind<y:LabelModel>
                  <y:SmartNodeLabelModel distance="4.0"/>
                </y:LabelModel>
                <y:ModelParameter>
                  <y:SmartNodeLabelModelParameter labelRatioX="0.0" labelRatioY="0.0" nodeRatioX="0.0" nodeRatioY="-0.03703090122767855" offsetX="0.0" offsetY="0.0" upX="0.0" upY="-1.0"/>
                </y:ModelParameter>
              </y:NodeLabel>
              <y:UML clipContent="true" constraint="" omitDetails="false" stereotype="enumeration" use3DEffect="true">
                <y:AttributeLabel>BLACKSMITH
MINER_FULL
MINER_NOT_FULL
OBSTACLE
ORE
ORE_BLOB
QUAKE
VEIN</y:AttributeLabel>
                <y:MethodLabel/>
              </y:UML>
            </y:UMLClassNode>
          </data>
        </node>
      </graph>
    </node>
    <node id="n15">
      <data key="d4"/>
      <data key="d6">
        <y:UMLClassNode>
          <y:Geometry height="155.97534723966365" width="230.60054127648004" x="-98.13900632601752" y="-215.2023790196215"/>
          <y:Fill color="#99CC00" transparent="false"/>
          <y:BorderStyle color="#000000" type="line" width="1.0"/>
          <y:NodeLabel alignment="center" autoSizePolicy="content" fontFamily="Dialog" fontSize="13" fontStyle="bold" hasBackgroundColor="false" hasLineColor="false" height="19.1328125" horizontalTextPosition="center" iconTextGap="4" modelName="custom" textColor="#000000" verticalTextPosition="bottom" visible="true" width="50.62353515625" x="89.98850306011502" y="3.0">Action<y:LabelModel>
              <y:SmartNodeLabelModel distance="4.0"/>
            </y:LabelModel>
            <y:ModelParameter>
              <y:SmartNodeLabelModelParameter labelRatioX="0.0" labelRatioY="0.0" nodeRatioX="0.0" nodeRatioY="-0.03703090122767855" offsetX="0.0" offsetY="0.0" upX="0.0" upY="-1.0"/>
            </y:ModelParameter>
          </y:NodeLabel>
          <y:UML clipContent="true" constraint="" omitDetails="false" stereotype="" use3DEffect="true">
            <y:AttributeLabel>+kind: ActionKind
+entity: Entity
+world: WorldModel
+imageStore: ImageStore
+repeatCount: int</y:AttributeLabel>
            <y:MethodLabel>+executeAction():
+executeAnimationAction():
+executeActivityAction():</y:MethodLabel>
          </y:UML>
        </y:UMLClassNode>
      </data>
    </node>
    <node id="n16">
      <data key="d5"/>
      <data key="d6">
        <y:ShapeNode>
          <y:Geometry height="30.0" width="191.01376296171145" x="-449.07797435905536" y="-352.3886026728883"/>
          <y:Fill color="#FFCC00" transparent="false"/>
          <y:BorderStyle color="#000000" raised="false" type="line" width="1.0"/>
          <y:NodeLabel alignment="center" autoSizePolicy="content" fontFamily="Dialog" fontSize="12" fontStyle="plain" hasBackgroundColor="false" hasLineColor="false" height="17.96875" horizontalTextPosition="center" iconTextGap="4" modelName="custom" textColor="#000000" verticalTextPosition="bottom" visible="true" width="82.990234375" x="54.011764293355725" y="6.015625">Tim Newman<y:LabelModel>
              <y:SmartNodeLabelModel distance="4.0"/>
            </y:LabelModel>
            <y:ModelParameter>
              <y:SmartNodeLabelModelParameter labelRatioX="0.0" labelRatioY="0.0" nodeRatioX="0.0" nodeRatioY="0.0" offsetX="0.0" offsetY="0.0" upX="0.0" upY="-1.0"/>
            </y:ModelParameter>
          </y:NodeLabel>
          <y:Shape type="rectangle"/>
        </y:ShapeNode>
      </data>
    </node>
  </graph>
  <data key="d7">
    <y:Resources/>
  </data>
</graphml>
